"package","clazz","func","full_signature","internal_signature","location","parameter_types","return_type","doc"
"boa.src","utility","char_replace","int char_replace(char *str, char a, char b)","char_replace(char, char, char)","file://./data/project-sources/paper_c_6_CVE-XXXX-XXXX_trendnet_boa/boa/src/utility.c:135:0","char;char;char","int","[IFDEF CONFIG_RTL_BT_CLIENT] "
"boa.src","utility","dirExits","int dirExits(char *path)","dirExits(char)","file://./data/project-sources/paper_c_6_CVE-XXXX-XXXX_trendnet_boa/boa/src/utility.c:150:0","char","int","[IFDEF CONFIG_RTL_BT_CLIENT] "
"boa.src","utility","readline","int readline(int s, char* buff, int buffsize)","readline(int, char*, int)","file://./data/project-sources/paper_c_6_CVE-XXXX-XXXX_trendnet_boa/boa/src/utility.c:160:0","int;char*;int","int","[IFDEF CONFIG_RTL_BT_CLIENT] "
"boa.src","utility","bt_parsefile","int bt_parsefile(char *buf,int size, struct ctfile_t *file)","bt_parsefile(char, int, struct ctfile_t)","file://./data/project-sources/paper_c_6_CVE-XXXX-XXXX_trendnet_boa/boa/src/utility.c:188:0","char;int;struct ctfile_t","int","[IFDEF CONFIG_RTL_BT_CLIENT] ""%s\t%u\t%u\t%u\t%llu\t%d\t\n"", f->filename, f->fileno, f->n_have, f->n_pieces, f->filesize, f->download)  /"
"boa.src","utility","bt_parseCtorrent","int bt_parseCtorrent(char *buf, int size, struct ctorrent_t *tp)","bt_parseCtorrent(char, int, struct ctorrent_t)","file://./data/project-sources/paper_c_6_CVE-XXXX-XXXX_trendnet_boa/boa/src/utility.c:219:0","char;int;struct ctorrent_t","int","[IFDEF CONFIG_RTL_BT_CLIENT] %s\t%s\t%u\t%u\t%llu\t%u\t%u\t%llu\t%llu\t%d\t%u\t%u\t%u\t%u\t%u\t%hd\t%u\t%u\t%llu\t\n"", fname, cls[i].severity != -1 ? cls[i].msg : """", cls[i].seeders, cls[i].leechers, cls[i].size, cls[i].dl_rate, cls[i].ul_rate, cls[i].dl_total, cls[i].ul_total, i, cls[i].dl_limit, cls[i].ul_limit, cls[i].n_have, cls[i].n_total, cls[i].piece_size, cls[i].paused, cls[i].total_time, cls[i].seed_time, cls[i].dsize  /"
"boa.src","utility","parse_torrentDetails","int parse_torrentDetails()","parse_torrentDetails()","file://./data/project-sources/paper_c_6_CVE-XXXX-XXXX_trendnet_boa/boa/src/utility.c:270:0","void","int","[IFDEF CONFIG_RTL_BT_CLIENT] "
"boa.src","utility","parse_torrents","int parse_torrents(char *buf, struct torrent_t *torrentp)","parse_torrents(char, struct torrent_t)","file://./data/project-sources/paper_c_6_CVE-XXXX-XXXX_trendnet_boa/boa/src/utility.c:278:0","char;struct torrent_t","int","[IFDEF CONFIG_RTL_BT_CLIENT] trs[i].status, trs[i].ctorrent, i, trs[i].n_have, trs[i].n_total, trs[i].piece_size);  /"
"boa.src","utility","bt_socket","int bt_socket()","bt_socket()","file://./data/project-sources/paper_c_6_CVE-XXXX-XXXX_trendnet_boa/boa/src/utility.c:305:0","void","int","[IFDEF CONFIG_RTL_BT_CLIENT] Create Socket"
"boa.src","utility","bt_get","void bt_get()","bt_get()","file://./data/project-sources/paper_c_6_CVE-XXXX-XXXX_trendnet_boa/boa/src/utility.c:330:0","void","void","[IFDEF CONFIG_RTL_BT_CLIENT] "
"boa.src","utility","bt_getClientsInfo","int bt_getClientsInfo(struct ctorrent_t *ctorrentp, int max)","bt_getClientsInfo(struct ctorrent_t, int)","file://./data/project-sources/paper_c_6_CVE-XXXX-XXXX_trendnet_boa/boa/src/utility.c:349:0","struct ctorrent_t;int","int","[IFDEF CONFIG_RTL_BT_CLIENT] "
"boa.src","utility","bt_setLimits","void bt_setLimits(int ulimit, int dlimit,int writeconf)","bt_setLimits(int, int, int)","file://./data/project-sources/paper_c_6_CVE-XXXX-XXXX_trendnet_boa/boa/src/utility.c:381:0","int;int;int","void","[IFDEF CONFIG_RTL_BT_CLIENT] Return Format: OK or FAIL /"
"boa.src","utility","bt_getLimits","void bt_getLimits(int *ulimitp, int *dlimitp)","bt_getLimits(int, int)","file://./data/project-sources/paper_c_6_CVE-XXXX-XXXX_trendnet_boa/boa/src/utility.c:406:0","int;int","void","[IFDEF CONFIG_RTL_BT_CLIENT] Return Format: ""ulimt/dlimit\n\n"" /"
"boa.src","utility","bt_clientQuit","void bt_clientQuit(int index)","bt_clientQuit(int)","file://./data/project-sources/paper_c_6_CVE-XXXX-XXXX_trendnet_boa/boa/src/utility.c:433:0","int","void","[IFDEF CONFIG_RTL_BT_CLIENT]  /"
"boa.src","utility","bt_clientUpdate","void bt_clientUpdate(int index)","bt_clientUpdate(int)","file://./data/project-sources/paper_c_6_CVE-XXXX-XXXX_trendnet_boa/boa/src/utility.c:458:0","int","void","[IFDEF CONFIG_RTL_BT_CLIENT]  /"
"boa.src","utility","bt_clientPause","void bt_clientPause(int index)","bt_clientPause(int)","file://./data/project-sources/paper_c_6_CVE-XXXX-XXXX_trendnet_boa/boa/src/utility.c:484:0","int","void","[IFDEF CONFIG_RTL_BT_CLIENT]  /"
"boa.src","utility","bt_getTorrents","int bt_getTorrents(struct torrent_t *torrentp, int max)","bt_getTorrents(struct torrent_t, int)","file://./data/project-sources/paper_c_6_CVE-XXXX-XXXX_trendnet_boa/boa/src/utility.c:507:0","struct torrent_t;int","int","[IFDEF CONFIG_RTL_BT_CLIENT]  /"
"boa.src","utility","dumpfile","void dumpfile(struct ctfile_t *file,int filecount)","dumpfile(struct ctfile_t, int)","file://./data/project-sources/paper_c_6_CVE-XXXX-XXXX_trendnet_boa/boa/src/utility.c:533:0","struct ctfile_t;int","void","[IFDEF CONFIG_RTL_BT_CLIENT] "
"boa.src","utility","dumpTorrents","void dumpTorrents(struct torrent_t *torrentp, int count)","dumpTorrents(struct torrent_t, int)","file://./data/project-sources/paper_c_6_CVE-XXXX-XXXX_trendnet_boa/boa/src/utility.c:545:0","struct torrent_t;int","void","[IFDEF CONFIG_RTL_BT_CLIENT] "
"boa.src","utility","dumpClients","void dumpClients(struct ctorrent_t *ctorrentp, int count)","dumpClients(struct ctorrent_t, int)","file://./data/project-sources/paper_c_6_CVE-XXXX-XXXX_trendnet_boa/boa/src/utility.c:563:0","struct ctorrent_t;int","void","[IFDEF CONFIG_RTL_BT_CLIENT] "
"boa.src","utility","bt_startTorrent","void bt_startTorrent(int index)","bt_startTorrent(int)","file://./data/project-sources/paper_c_6_CVE-XXXX-XXXX_trendnet_boa/boa/src/utility.c:577:0","int","void","[IFDEF CONFIG_RTL_BT_CLIENT]  /"
"boa.src","utility","bt_deleteTorrent","void bt_deleteTorrent(int index, int delData)","bt_deleteTorrent(int, int)","file://./data/project-sources/paper_c_6_CVE-XXXX-XXXX_trendnet_boa/boa/src/utility.c:602:0","int;int","void","[IFDEF CONFIG_RTL_BT_CLIENT]  /"
"boa.src","utility","bt_getDetails","int bt_getDetails(int index, struct ctfile_t *file, int max)","bt_getDetails(int, struct ctfile_t, int)","file://./data/project-sources/paper_c_6_CVE-XXXX-XXXX_trendnet_boa/boa/src/utility.c:627:0","int;struct ctfile_t;int","int","[IFDEF CONFIG_RTL_BT_CLIENT] Format Return: see bt_parsefile /"
"boa.src","utility","bt_getStats","void bt_getStats(struct stats_t *statusp)","bt_getStats(struct stats_t)","file://./data/project-sources/paper_c_6_CVE-XXXX-XXXX_trendnet_boa/boa/src/utility.c:656:0","struct stats_t","void","[IFDEF CONFIG_RTL_BT_CLIENT] Return Format:""%llu\t%llu\t%u\t%u\t%llu\t%llu\t\n"", stats.up, stats.down, stats.totaltime, stats.sumtorrents, dsize, dfree); /"
"boa.src","utility","bt_setfiles","void bt_setfiles(int clientindex, int len, char *indexstr)","bt_setfiles(int, int, char)","file://./data/project-sources/paper_c_6_CVE-XXXX-XXXX_trendnet_boa/boa/src/utility.c:711:0","int;int;char","void","[IFDEF CONFIG_RTL_BT_CLIENT]  /"
"boa.src","utility","bt_getTDetails","void bt_getTDetails(char *ac,int torrent[], int size)","bt_getTDetails(char, torrent[], int)","file://./data/project-sources/paper_c_6_CVE-XXXX-XXXX_trendnet_boa/boa/src/utility.c:737:0","char;torrent[];int","void","[IFDEF CONFIG_RTL_BT_CLIENT] Return Format: refer to Source Code /"
"boa.src","utility","bt_saveTorrentfile","int bt_saveTorrentfile(char *filepath, unsigned char * buffer, int len)","bt_saveTorrentfile(char, unsigned char *, int)","file://./data/project-sources/paper_c_6_CVE-XXXX-XXXX_trendnet_boa/boa/src/utility.c:763:0","char;unsigned char *;int","int","[IFDEF CONFIG_RTL_BT_CLIENT] "
"boa.src","utility","getCertsDb","int getCertsDb(CERTS_DB_ENTRY_Tp certsInfo, int count, int *realcount)","getCertsDb(CERTS_DB_ENTRY_Tp, int, int)","file://./data/project-sources/paper_c_6_CVE-XXXX-XXXX_trendnet_boa/boa/src/utility.c:886:0","CERTS_DB_ENTRY_Tp;int;int","int","[IFDEF CONFIG_RTL_WAPI_SUPPORT] "
"boa.src","utility","searchCertStatus","static int searchCertStatus(CERTS_DB_ENTRY_Tp all, CERTS_DB_ENTRY_Tp cert,int status, int count)","searchCertStatus(CERTS_DB_ENTRY_Tp, CERTS_DB_ENTRY_Tp, int, int)","file://./data/project-sources/paper_c_6_CVE-XXXX-XXXX_trendnet_boa/boa/src/utility.c:1164:0","CERTS_DB_ENTRY_Tp;CERTS_DB_ENTRY_Tp;int;int","int","[IF 0] "
"boa.src","utility","searchCertName","static int searchCertName(CERTS_DB_ENTRY_Tp all, CERTS_DB_ENTRY_Tp cert,char *buffer, int count)","searchCertName(CERTS_DB_ENTRY_Tp, CERTS_DB_ENTRY_Tp, char, int)","file://./data/project-sources/paper_c_6_CVE-XXXX-XXXX_trendnet_boa/boa/src/utility.c:1179:0","CERTS_DB_ENTRY_Tp;CERTS_DB_ENTRY_Tp;char;int","int","[IF 0] "
"boa.src","utility","searchCertSerial","static int searchCertSerial(CERTS_DB_ENTRY_Tp all, CERTS_DB_ENTRY_Tp cert, unsigned long serial, int count)","searchCertSerial(CERTS_DB_ENTRY_Tp, CERTS_DB_ENTRY_Tp, unsigned long, int)","file://./data/project-sources/paper_c_6_CVE-XXXX-XXXX_trendnet_boa/boa/src/utility.c:1193:0","CERTS_DB_ENTRY_Tp;CERTS_DB_ENTRY_Tp;unsigned long;int","int","[IF 0] "
"boa.src","utility","searchWapiCert","int searchWapiCert(CERTS_DB_ENTRY_Tp cert, int index, char *buffer)","searchWapiCert(CERTS_DB_ENTRY_Tp, int, char)","file://./data/project-sources/paper_c_6_CVE-XXXX-XXXX_trendnet_boa/boa/src/utility.c:1208:0","CERTS_DB_ENTRY_Tp;int;char","int","[IF 0] "
"boa.src","utility","setWlJoinMesh","int setWlJoinMesh(char *interface, unsigned char* MeshId, int MeshId_Len, int Channel, int offset, int Reset)","setWlJoinMesh(char, unsigned char*, int, int, int, int)","file://./data/project-sources/paper_c_6_CVE-XXXX-XXXX_trendnet_boa/boa/src/utility.c:1297:0","char;unsigned char*;int;int;int;int","int","[IFNDEF NO_ACTION] "
"boa.src","utility","getWlMeshLink","int getWlMeshLink(char *interface, unsigned char* MacAddr, int MacAddr_Len)","getWlMeshLink(char, unsigned char*, int)","file://./data/project-sources/paper_c_6_CVE-XXXX-XXXX_trendnet_boa/boa/src/utility.c:1331:0","char;unsigned char*;int","int","[IFDEF CONFIG_RTK_MESH] "
"boa.src","utility","RunSystemCmd","int RunSystemCmd(char *filepath, ...)","RunSystemCmd(char, ...)","file://./data/project-sources/paper_c_6_CVE-XXXX-XXXX_trendnet_boa/boa/src/utility.c:1579:0","char;...","int","[IFDEF SYS_DEBUG] "
"boa.src","utility","setInAddr","int setInAddr(char *interface, ADDR_T type, void *addr)","setInAddr(char, ADDR_T, void)","file://./data/project-sources/paper_c_6_CVE-XXXX-XXXX_trendnet_boa/boa/src/utility.c:1699:0","char;ADDR_T;void","int","[IF 0] //////////////////////////////////////////////////////////////////////////"
"boa.src","utility","deleteDefaultRoute","int deleteDefaultRoute(char *dev, void *route)","deleteDefaultRoute(char, void)","file://./data/project-sources/paper_c_6_CVE-XXXX-XXXX_trendnet_boa/boa/src/utility.c:1775:0","char;void","int","[IF 0] //////////////////////////////////////////////////////////////////////////"
"boa.src","utility","addDefaultRoute","int addDefaultRoute(char *dev, void *route)","addDefaultRoute(char, void)","file://./data/project-sources/paper_c_6_CVE-XXXX-XXXX_trendnet_boa/boa/src/utility.c:1812:0","char;void","int","[IF 0] //////////////////////////////////////////////////////////////////////////"
"boa.src","utility","getWispRptIface","int getWispRptIface(char**pIface,int wlanId)","getWispRptIface(char**pIface, int)","file://./data/project-sources/paper_c_6_CVE-XXXX-XXXX_trendnet_boa/boa/src/utility.c:2071:0","char**pIface;int","int","[IFNDEF NO_ACTION] "
"boa.src","utility","getWanInfo","int getWanInfo(char *pWanIP, char *pWanMask, char *pWanDefIP, char *pWanHWAddr)","getWanInfo(char, char, char, char)","file://./data/project-sources/paper_c_6_CVE-XXXX-XXXX_trendnet_boa/boa/src/utility.c:2107:0","char;char;char;char","int","[IFDEF CONFIG_SMART_REPEATER] "
"boa.src","utility","getEthernetEeeState","int getEthernetEeeState(unsigned int port_index)","getEthernetEeeState(unsigned int)","file://./data/project-sources/paper_c_6_CVE-XXXX-XXXX_trendnet_boa/boa/src/utility.c:2246:0","unsigned int","int","[IF defined(CONFIG_RTL_8198C) || defined(CONFIG_RTL_8196C) || defined(CONFIG_RTL_8198) || defined(CONFIG_RTL_819XD) || defined(CONFIG_RTL_8196E)] RTL8651_IOCTL_GET_ETHER_EEE_STATE"
"boa.src","utility","isVxdInterfaceExist","int isVxdInterfaceExist(char *interface)","isVxdInterfaceExist(char)","file://./data/project-sources/paper_c_6_CVE-XXXX-XXXX_trendnet_boa/boa/src/utility.c:2287:0","char","int","[IFDEF UNIVERSAL_REPEATER] //////////////////////////////////////////////////////////////////////////"
"boa.src","utility","displayPostDate","int displayPostDate(char *postDate)","displayPostDate(char)","file://./data/project-sources/paper_c_6_CVE-XXXX-XXXX_trendnet_boa/boa/src/utility.c:2316:0","char","int","[IFNDEF NO_ACTION] "
"boa.src","utility","killDaemon","void killDaemon(int wait)","killDaemon(int)","file://./data/project-sources/paper_c_6_CVE-XXXX-XXXX_trendnet_boa/boa/src/utility.c:2406:0","int","void","[IFNDEF NO_ACTION] static void killDaemon()"
"boa.src","utility","cwmpSendRequestToSolar","void cwmpSendRequestToSolar(void)","cwmpSendRequestToSolar()","file://./data/project-sources/paper_c_6_CVE-XXXX-XXXX_trendnet_boa/boa/src/utility.c:2758:0","void","void","[IF 0	// pkshih: within tr104] send the request to solar"
"boa.src","utility","cwmp_solarOpen","void cwmp_solarOpen(void)","cwmp_solarOpen()","file://./data/project-sources/paper_c_6_CVE-XXXX-XXXX_trendnet_boa/boa/src/utility.c:2763:0","void","void","[IF 0	// pkshih: within tr104] open the connection from solar to cwmpclient"
"boa.src","utility","cwmp_solarClose","void cwmp_solarClose(void)","cwmp_solarClose()","file://./data/project-sources/paper_c_6_CVE-XXXX-XXXX_trendnet_boa/boa/src/utility.c:2769:0","void","void","[IF 0	// pkshih: within tr104] close the connection from solar to cwmpclient"
"boa.src","utility","getWlanMib","int getWlanMib(int wlanRootIndex, int wlanValIndex, int id, void *value)","getWlanMib(int, int, int, void)","file://./data/project-sources/paper_c_6_CVE-XXXX-XXXX_trendnet_boa/boa/src/utility.c:3066:0","int;int;int;void","int","[IF defined(CHEAT_COMPRESS_MIB_SETTING)] "
"boa.src","utility","setWlanMib","int setWlanMib(int wlanRootIndex, int wlanValIndex, int id, void *value)","setWlanMib(int, int, int, void)","file://./data/project-sources/paper_c_6_CVE-XXXX-XXXX_trendnet_boa/boa/src/utility.c:3084:0","int;int;int;void","int","[IF defined(CHEAT_COMPRESS_MIB_SETTING)] "
"boa.src","utility","getWlanBssInfo","int getWlanBssInfo(int wlanRootIndex, int wlanValIndex, void *bss)","getWlanBssInfo(int, int, void)","file://./data/project-sources/paper_c_6_CVE-XXXX-XXXX_trendnet_boa/boa/src/utility.c:3103:0","int;int;void","int","[IF defined(CHEAT_COMPRESS_MIB_SETTING)] "
"boa.src","utility","getInFlags","int getInFlags(char *interface, int *flags)","getInFlags(char, int)","file://./data/project-sources/paper_c_6_CVE-XXXX-XXXX_trendnet_boa/boa/src/utility.c:4039:0","char;int","int","[IF defined(MOD_FOR_TR098_LANDEVICE)] "
"boa.src","utility","updateWlanifState","WLAN_STATE_T updateWlanifState(char *wlanif_name)","updateWlanifState(char)","file://./data/project-sources/paper_c_6_CVE-XXXX-XXXX_trendnet_boa/boa/src/utility.c:4374:0","char","WLAN_STATE_T","[IF defined(CONFIG_REPEATER_WPS_SUPPORT) || defined(POWER_CONSUMPTION_SUPPORT)] "
"boa.src","utility","sendP2PWscConfirm","int sendP2PWscConfirm(char *interface, P2P_WSC_CONFIRM_Tp pP2PWscConfirm)","sendP2PWscConfirm(char, P2P_WSC_CONFIRM_Tp)","file://./data/project-sources/paper_c_6_CVE-XXXX-XXXX_trendnet_boa/boa/src/utility.c:4642:0","char;P2P_WSC_CONFIRM_Tp","int","[IFNDEF NO_ACTION] "
"boa.src","utility","storage_UpdateSambaConf","void storage_UpdateSambaConf()","storage_UpdateSambaConf()","file://./data/project-sources/paper_c_6_CVE-XXXX-XXXX_trendnet_boa/boa/src/utility.c:4707:0","void","void","[IFNDEF NO_ACTION] "
"boa.src","fmpocketap","pocketAPProcess","int pocketAPProcess()","pocketAPProcess()","file://./data/project-sources/paper_c_6_CVE-XXXX-XXXX_trendnet_boa/boa/src/fmpocketap.c:45:0","void","int","[IF defined(CONFIG_DOMAIN_NAME_QUERY_SUPPORT)] "
"boa.src","hash","djb2_hash","static unsigned djb2_hash(const char *str)","djb2_hash(const char)","file://./data/project-sources/paper_c_6_CVE-XXXX-XXXX_trendnet_boa/boa/src/hash.c:131:0","const char","unsigned","[IFDEF WANT_SDBM_HASH] "
"boa.src","hash","fnv1a_hash","static unsigned fnv1a_hash(const char *str)","fnv1a_hash(const char)","file://./data/project-sources/paper_c_6_CVE-XXXX-XXXX_trendnet_boa/boa/src/hash.c:163:0","const char","unsigned","[IFDEF WANT_DJB2_HASH]  hash.c:152: warning: width of integer constant may change on other systems with -traditional /"
"boa.src","read","get_shm_id","int get_shm_id()","get_shm_id()","file://./data/project-sources/paper_c_6_CVE-XXXX-XXXX_trendnet_boa/boa/src/read.c:42:0","void","int","[IF defined(CONFIG_APP_FWD)] "
"boa.src","read","clear_fwupload_shm","int clear_fwupload_shm(int shmid)","clear_fwupload_shm(int)","file://./data/project-sources/paper_c_6_CVE-XXXX-XXXX_trendnet_boa/boa/src/read.c:47:0","int","int","[IF defined(CONFIG_APP_FWD)] "
"boa.src","log","log_error_mesg","void log_error_mesg(const char *file, int line, const char *func, const char *mesg)","log_error_mesg(const char, int, const char, const char)","file://./data/project-sources/paper_c_6_CVE-XXXX-XXXX_trendnet_boa/boa/src/log.c:252:0","const char;int;const char;const char","void","[IFDEF SETVBUF_REVERSED] "
"boa.src","log","log_error_mesg_fatal","void log_error_mesg_fatal(const char *file, int line, const char *func, const char *mesg)","log_error_mesg_fatal(const char, int, const char, const char)","file://./data/project-sources/paper_c_6_CVE-XXXX-XXXX_trendnet_boa/boa/src/log.c:261:0","const char;int;const char;const char","void","[IFDEF HAVE_FUNC] "
"boa.src","log","log_error_mesg","void log_error_mesg(const char *file, int line, const char *mesg)","log_error_mesg(const char, int, const char)","file://./data/project-sources/paper_c_6_CVE-XXXX-XXXX_trendnet_boa/boa/src/log.c:272:0","const char;int;const char","void","[IFDEF HAVE_FUNC] "
"boa.src","log","log_error_mesg_fatal","void log_error_mesg_fatal(const char *file, int line, const char *mesg)","log_error_mesg_fatal(const char, int, const char)","file://./data/project-sources/paper_c_6_CVE-XXXX-XXXX_trendnet_boa/boa/src/log.c:281:0","const char;int;const char","void","[IFDEF HAVE_FUNC] "
"boa.src","fmipv6","get_v6type","void get_v6type()","get_v6type()","file://./data/project-sources/paper_c_6_CVE-XXXX-XXXX_trendnet_boa/boa/src/fmipv6.c:49:0","void","void","[IFDEF CONFIG_APP_BOA_CUSTOM_TRENDNET] "
"boa.src","fmipv6","getUlaAddv6Info","int getUlaAddv6Info(addr6CfgParam_t *entry)","getUlaAddv6Info(addr6CfgParam_t)","file://./data/project-sources/paper_c_6_CVE-XXXX-XXXX_trendnet_boa/boa/src/fmipv6.c:138:0","addr6CfgParam_t","int","[IFDEF CONFIG_APP_BOA_CUSTOM_TRENDNET] "
"boa.src","fmipv6","set_ula_addr6","int set_ula_addr6(request *wp, char *path, char *query, addr6CfgParam_t *addr6)","set_ula_addr6(request, char, char, addr6CfgParam_t)","file://./data/project-sources/paper_c_6_CVE-XXXX-XXXX_trendnet_boa/boa/src/fmipv6.c:668:0","request;char;char;addr6CfgParam_t","int","[IFDEF CONFIG_IPV6_CE_ROUTER_SUPPORT] "
"boa.src","fmipv6","create_ula_prefix","void create_ula_prefix(addr6CfgParam_t *ula_prefix)","create_ula_prefix(addr6CfgParam_t)","file://./data/project-sources/paper_c_6_CVE-XXXX-XXXX_trendnet_boa/boa/src/fmipv6.c:711:0","addr6CfgParam_t","void","[IFDEF CONFIG_IPV6_CE_ROUTER_SUPPORT] "
"boa.src","fmipv6","create_eui64","void create_eui64(char *mac, char *eui)","create_eui64(char, char)","file://./data/project-sources/paper_c_6_CVE-XXXX-XXXX_trendnet_boa/boa/src/fmipv6.c:739:0","char;char","void","[IFDEF CONFIG_IPV6_CE_ROUTER_SUPPORT] "
"boa.src","fmipv6","del_PreAddr6Param","void del_PreAddr6Param(addrIPv6CfgParam_t addrIPv6CfgParam,uint32 _changFlag)","del_PreAddr6Param(addrIPv6CfgParam_t, uint32)","file://./data/project-sources/paper_c_6_CVE-XXXX-XXXX_trendnet_boa/boa/src/fmipv6.c:863:0","addrIPv6CfgParam_t;uint32","void","[IFNDEF NO_ACTION] "
"boa.src","fmipv6","formDnsv6","void formDnsv6(request *wp, char *path, char *query)","formDnsv6(request, char, char)","file://./data/project-sources/paper_c_6_CVE-XXXX-XXXX_trendnet_boa/boa/src/fmipv6.c:1262:0","request;char;char","void","[IFNDEF NO_ACTION] "
"boa.src","fmipv6","formIPv6Addr","void formIPv6Addr(request *wp, char *path, char *query)","formIPv6Addr(request, char, char)","file://./data/project-sources/paper_c_6_CVE-XXXX-XXXX_trendnet_boa/boa/src/fmipv6.c:1769:0","request;char;char","void","[IFNDEF NO_ACTION] "
"boa.src","fmipv6","simplify_ipv6_addr","void simplify_ipv6_addr(char *done, char *addr_in)","simplify_ipv6_addr(char, char)","file://./data/project-sources/paper_c_6_CVE-XXXX-XXXX_trendnet_boa/boa/src/fmipv6.c:3007:0","char;char","void","[IFDEF CONFIG_APP_BOA_CUSTOM_TRENDNET] eded"
"boa.src","fmipv6","simplify_substr","void simplify_substr(char * str, char *restr)","simplify_substr(char *, char)","file://./data/project-sources/paper_c_6_CVE-XXXX-XXXX_trendnet_boa/boa/src/fmipv6.c:3060:0","char *;char","void","[IFDEF CONFIG_APP_BOA_CUSTOM_TRENDNET] "
"boa.src","fmipv6","getIPv6BasicInfo","int getIPv6BasicInfo(request *wp, int argc, char **argv)","getIPv6BasicInfo(request, int, char)","file://./data/project-sources/paper_c_6_CVE-XXXX-XXXX_trendnet_boa/boa/src/fmipv6.c:3073:0","request;int;char","int","[IFDEF CONFIG_APP_BOA_CUSTOM_TRENDNET] "
"boa.src","fmipv6","formAdvIpv6","int formAdvIpv6(request *wp, char * path, char * query)","formAdvIpv6(request, char *, char *)","file://./data/project-sources/paper_c_6_CVE-XXXX-XXXX_trendnet_boa/boa/src/fmipv6.c:3234:0","request;char *;char *","int","[IFDEF CONFIG_APP_BOA_CUSTOM_TRENDNET] "
"boa.src","fmipv6","caldeli","int caldeli(char *p)","caldeli(char)","file://./data/project-sources/paper_c_6_CVE-XXXX-XXXX_trendnet_boa/boa/src/fmipv6.c:3304:0","char","int","[IFDEF CONFIG_APP_BOA_CUSTOM_TRENDNET] "
"boa.src","fmipv6","genIp","void genIp(int colon, char *v6ip, char *head, char *tail)","genIp(int, char, char, char)","file://./data/project-sources/paper_c_6_CVE-XXXX-XXXX_trendnet_boa/boa/src/fmipv6.c:3320:0","int;char;char;char","void","[IFDEF CONFIG_APP_BOA_CUSTOM_TRENDNET] "
"boa.src","fmipv6","v6IpRebuild","int v6IpRebuild(char *v6ip, void *v6ip_in)","v6IpRebuild(char, void)","file://./data/project-sources/paper_c_6_CVE-XXXX-XXXX_trendnet_boa/boa/src/fmipv6.c:3354:0","char;void","int","[IFDEF CONFIG_APP_BOA_CUSTOM_TRENDNET] "
"boa.src","get","DEBUG","0 DEBUG(DEBUG_RANGE)","DEBUG(DEBUG_RANGE)","file://./data/project-sources/paper_c_6_CVE-XXXX-XXXX_trendnet_boa/boa/src/get.c:671:0","DEBUG_RANGE","0","[IFDEF ALLOW_LOCAL_REDIRECT] "
"boa.src","cgi","add_to_common_env","void add_to_common_env(char *key, char *value)","add_to_common_env(char, char)","file://./data/project-sources/paper_c_6_CVE-XXXX-XXXX_trendnet_boa/boa/src/cgi.c:125:0","char;char","void","[IFDEF USE_NCSA_CGI_ENV] "
"boa.src","cgi","create_argv","static void create_argv(request * req, char **aargv)","create_argv(request *, char)","file://./data/project-sources/paper_c_6_CVE-XXXX-XXXX_trendnet_boa/boa/src/cgi.c:343:0","request *;char","void","[IFDEF ACCEPT_ON] "
"boa.src","fmget","get_langpack_crc","uint32_t get_langpack_crc(unsigned char *crc_str)","get_langpack_crc(unsigned char)","file://./data/project-sources/paper_c_6_CVE-XXXX-XXXX_trendnet_boa/boa/src/fmget.c:467:0","unsigned char","uint32_t","[IFDEF MTDBLK_LANG] Calculate"
"boa.src","fmget","convert_bin_to_str","static void convert_bin_to_str(unsigned char *bin, int len, char *out)","convert_bin_to_str(unsigned char, int, char)","file://./data/project-sources/paper_c_6_CVE-XXXX-XXXX_trendnet_boa/boa/src/fmget.c:609:0","unsigned char;int;char","void","[IFDEF MTDBLK_LANG] "
"boa.src","fmget","checkwan","void checkwan(char *waninfo)","checkwan(char)","file://./data/project-sources/paper_c_6_CVE-XXXX-XXXX_trendnet_boa/boa/src/fmget.c:657:0","char","void","[IFDEF WIFI_SIMPLE_CONFIG] "
"boa.src","fmget","isConnectPPP","int isConnectPPP()","isConnectPPP()","file://./data/project-sources/paper_c_6_CVE-XXXX-XXXX_trendnet_boa/boa/src/fmget.c:10061:0","void","int","[IFDEF HOME_GATEWAY] //////////////////////////////////////////////////////////////////////////"
"boa.src","fmget","DUTinfo_file","int DUTinfo_file()","DUTinfo_file()","file://./data/project-sources/paper_c_6_CVE-XXXX-XXXX_trendnet_boa/boa/src/fmget.c:10499:0","void","int","[IF defined(CONFIG_RTL_819X) && !defined(CONFIG_WLAN_WDS_SUPPORT)// keith. disabled if no this mode in 96c] "
"boa.src","signals","bulk","void bulk(int dummy)","bulk(int)","file://./data/project-sources/paper_c_6_CVE-XXXX-XXXX_trendnet_boa/boa/src/signals.c:298:0","int","void","[IF defined(CONFIG_DOMAIN_NAME_QUERY_SUPPORT)] "
"boa.src","sublog","main","int main(int argc, char *argv[])","main(int, *argv[])","file://./data/project-sources/paper_c_6_CVE-XXXX-XXXX_trendnet_boa/boa/src/sublog.c:116:0","int;*argv[]","int","[IFDEF HAVE_HERROR] "
"boa.src","fmmgmt","isValidName","static int isValidName(char *str)","isValidName(char)","file://./data/project-sources/paper_c_6_CVE-XXXX-XXXX_trendnet_boa/boa/src/fmmgmt.c:96:0","char","int","[IFDEF CONFIG_APP_BOA_CUSTOM_TRENDNET] "
"boa.src","fmmgmt","swap_mib_word_value","void swap_mib_word_value(APMIB_Tp pMib)","swap_mib_word_value(APMIB_Tp)","file://./data/project-sources/paper_c_6_CVE-XXXX-XXXX_trendnet_boa/boa/src/fmmgmt.c:233:0","APMIB_Tp","void","[IFDEF VOIP_SUPPORT] "
"boa.src","fmmgmt","formSetSNMP","void formSetSNMP(request *wp, char *path, char *query)","formSetSNMP(request, char, char)","file://./data/project-sources/paper_c_6_CVE-XXXX-XXXX_trendnet_boa/boa/src/fmmgmt.c:663:0","request;char;char","void","[IFDEF COMPRESS_MIB_SETTING] "
"boa.src","fmmgmt","formSaveConfig","void formSaveConfig(request *wp, char *path, char *query)","formSaveConfig(request, char, char)","file://./data/project-sources/paper_c_6_CVE-XXXX-XXXX_trendnet_boa/boa/src/fmmgmt.c:775:0","request;char;char","void","[IFNDEF NO_ACTION] ////////////////////////////////////////////////////////////////////////////"
"boa.src","fmmgmt","kill_processes","void kill_processes(void)","kill_processes()","file://./data/project-sources/paper_c_6_CVE-XXXX-XXXX_trendnet_boa/boa/src/fmmgmt.c:1023:0","void","void","[IF 0 //Keith. move to utility.c] "
"boa.src","fmmgmt","get_actvie_bank","static int get_actvie_bank()","get_actvie_bank()","file://./data/project-sources/paper_c_6_CVE-XXXX-XXXX_trendnet_boa/boa/src/fmmgmt.c:1085:0","void","int","[IF defined(CONFIG_RTL_FLASH_DUAL_IMAGE_WEB_BACKUP_ENABLE)] "
"boa.src","fmmgmt","get_bank_info","void get_bank_info(int dual_enable,int *active,int *backup)","get_bank_info(int, int, int)","file://./data/project-sources/paper_c_6_CVE-XXXX-XXXX_trendnet_boa/boa/src/fmmgmt.c:1107:0","int;int;int","void","[IF defined(CONFIG_RTL_FLASH_DUAL_IMAGE_WEB_BACKUP_ENABLE)] "
"boa.src","fmmgmt","header_to_mark","static unsigned long header_to_mark(int flag, IMG_HEADER_Tp pHeader)","header_to_mark(int, IMG_HEADER_Tp)","file://./data/project-sources/paper_c_6_CVE-XXXX-XXXX_trendnet_boa/boa/src/fmmgmt.c:1138:0","int;IMG_HEADER_Tp","long","[IF defined(CONFIG_RTL_FLASH_DUAL_IMAGE_WEB_BACKUP_ENABLE)] "
"boa.src","fmmgmt","check_system_image","static int check_system_image(int fh,IMG_HEADER_Tp pHeader)","check_system_image(int, IMG_HEADER_Tp)","file://./data/project-sources/paper_c_6_CVE-XXXX-XXXX_trendnet_boa/boa/src/fmmgmt.c:1153:0","int;IMG_HEADER_Tp","int","[IF defined(CONFIG_RTL_FLASH_DUAL_IMAGE_WEB_BACKUP_ENABLE)] return,  0: not found, 1: linux found,"
"boa.src","fmmgmt","check_rootfs_image","static int check_rootfs_image(int fh)","check_rootfs_image(int)","file://./data/project-sources/paper_c_6_CVE-XXXX-XXXX_trendnet_boa/boa/src/fmmgmt.c:1178:0","int","int","[IF defined(CONFIG_RTL_FLASH_DUAL_IMAGE_WEB_BACKUP_ENABLE)] "
"boa.src","fmmgmt","get_image_header","static int get_image_header(int fh,IMG_HEADER_Tp header_p)","get_image_header(int, IMG_HEADER_Tp)","file://./data/project-sources/paper_c_6_CVE-XXXX-XXXX_trendnet_boa/boa/src/fmmgmt.c:1197:0","int;IMG_HEADER_Tp","int","[IF defined(CONFIG_RTL_FLASH_DUAL_IMAGE_WEB_BACKUP_ENABLE)] "
"boa.src","fmmgmt","check_bank_image","int check_bank_image(int bank)","check_bank_image(int)","file://./data/project-sources/paper_c_6_CVE-XXXX-XXXX_trendnet_boa/boa/src/fmmgmt.c:1214:0","int","int","[IF defined(CONFIG_RTL_FLASH_DUAL_IMAGE_WEB_BACKUP_ENABLE)] "
"boa.src","fmmgmt","updateBankmark","int updateBankmark(char*thisKernelDev)","updateBankmark(char*thisKernelDev)","file://./data/project-sources/paper_c_6_CVE-XXXX-XXXX_trendnet_boa/boa/src/fmmgmt.c:1277:0","char*thisKernelDev","int","[IF defined(CONFIG_RTL_FLASH_DUAL_IMAGE_WEB_BACKUP_ENABLE)] to prevent both active and backup bankmark all FORCEBOOT_BANK_MARK when this bankmark is FORCEBOOT_BANK_MARK,"
"boa.src","fmmgmt","get_next_bankmark","unsigned long get_next_bankmark(char *kernel_dev,int dual_enable)","get_next_bankmark(char, int)","file://./data/project-sources/paper_c_6_CVE-XXXX-XXXX_trendnet_boa/boa/src/fmmgmt.c:1319:0","char;int","long","[IF defined(CONFIG_RTL_FLASH_DUAL_IMAGE_WEB_BACKUP_ENABLE)] return,  0: not found, 1: linux found,"
"boa.src","fmmgmt","set_dualbank","int set_dualbank(int enable)","set_dualbank(int)","file://./data/project-sources/paper_c_6_CVE-XXXX-XXXX_trendnet_boa/boa/src/fmmgmt.c:1353:0","int","int","[IF defined(CONFIG_RTL_FLASH_DUAL_IMAGE_WEB_BACKUP_ENABLE)] set mib at the same time or get mib to set this function?"
"boa.src","fmmgmt","boot_from_backup","int boot_from_backup()","boot_from_backup()","file://./data/project-sources/paper_c_6_CVE-XXXX-XXXX_trendnet_boa/boa/src/fmmgmt.c:1380:0","void","int","[IF defined(CONFIG_RTL_FLASH_DUAL_IMAGE_WEB_BACKUP_ENABLE)] "
"boa.src","fmmgmt","bulk_FWUPGRADE","int bulk_FWUPGRADE()","bulk_FWUPGRADE()","file://./data/project-sources/paper_c_6_CVE-XXXX-XXXX_trendnet_boa/boa/src/fmmgmt.c:1789:0","void","int","[IF defined(CONFIG_APP_FWD)] "
"boa.src","fmmgmt","formDualFirmware","void formDualFirmware(request *wp, char *path, char *query)","formDualFirmware(request, char, char)","file://./data/project-sources/paper_c_6_CVE-XXXX-XXXX_trendnet_boa/boa/src/fmmgmt.c:2250:0","request;char;char","void","[IF defined(CONFIG_RTL_FLASH_DUAL_IMAGE_ENABLE)] "
"boa.src","fmmgmt","formUploadFromUsb","void formUploadFromUsb(request *wp, char * path, char * query)","formUploadFromUsb(request, char *, char *)","file://./data/project-sources/paper_c_6_CVE-XXXX-XXXX_trendnet_boa/boa/src/fmmgmt.c:2312:0","request;char *;char *","void","[IF defined(CONFIG_USBDISK_UPDATE_IMAGE)] "
"boa.src","fmmgmt","formDiskCreateFolder","void formDiskCreateFolder(request *wp, char * path, char * query)","formDiskCreateFolder(request, char *, char *)","file://./data/project-sources/paper_c_6_CVE-XXXX-XXXX_trendnet_boa/boa/src/fmmgmt.c:2368:0","request;char *;char *","void","[IF defined(CONFIG_USBDISK_UPDATE_IMAGE)] "
"boa.src","fmmgmt","formDiskCreateShare","void formDiskCreateShare(request *wp, char * path, char * query)","formDiskCreateShare(request, char *, char *)","file://./data/project-sources/paper_c_6_CVE-XXXX-XXXX_trendnet_boa/boa/src/fmmgmt.c:2389:0","request;char *;char *","void","[IFDEF SAMBA_WEB_SUPPORT] "
"boa.src","fmmgmt","formDiskCfg","void formDiskCfg(request *wp, char * path, char * query)","formDiskCfg(request, char *, char *)","file://./data/project-sources/paper_c_6_CVE-XXXX-XXXX_trendnet_boa/boa/src/fmmgmt.c:2513:0","request;char *;char *","void","[IFDEF SAMBA_WEB_SUPPORT] "
"boa.src","fmmgmt","formDiskManagementAnon","void formDiskManagementAnon(request *wp, char * path, char * query)","formDiskManagementAnon(request, char *, char *)","file://./data/project-sources/paper_c_6_CVE-XXXX-XXXX_trendnet_boa/boa/src/fmmgmt.c:2589:0","request;char *;char *","void","[IFDEF SAMBA_WEB_SUPPORT] "
"boa.src","fmmgmt","formDiskManagementUser","void formDiskManagementUser(request *wp, char * path, char * query)","formDiskManagementUser(request, char *, char *)","file://./data/project-sources/paper_c_6_CVE-XXXX-XXXX_trendnet_boa/boa/src/fmmgmt.c:2637:0","request;char *;char *","void","[IFDEF SAMBA_WEB_SUPPORT] "
"boa.src","fmmgmt","formDiskManagementGroup","void formDiskManagementGroup(request *wp, char * path, char * query)","formDiskManagementGroup(request, char *, char *)","file://./data/project-sources/paper_c_6_CVE-XXXX-XXXX_trendnet_boa/boa/src/fmmgmt.c:2713:0","request;char *;char *","void","[IFDEF SAMBA_WEB_SUPPORT] "
"boa.src","fmmgmt","formDiskCreateUser","void formDiskCreateUser(request *wp, char * path, char * query)","formDiskCreateUser(request, char *, char *)","file://./data/project-sources/paper_c_6_CVE-XXXX-XXXX_trendnet_boa/boa/src/fmmgmt.c:2840:0","request;char *;char *","void","[IFDEF SAMBA_WEB_SUPPORT] "
"boa.src","fmmgmt","formDiskEditUser","void formDiskEditUser(request *wp, char * path, char * query)","formDiskEditUser(request, char *, char *)","file://./data/project-sources/paper_c_6_CVE-XXXX-XXXX_trendnet_boa/boa/src/fmmgmt.c:2937:0","request;char *;char *","void","[IFDEF SAMBA_WEB_SUPPORT] "
"boa.src","fmmgmt","formDiskEditGroup","void formDiskEditGroup(request *wp, char * path, char * query)","formDiskEditGroup(request, char *, char *)","file://./data/project-sources/paper_c_6_CVE-XXXX-XXXX_trendnet_boa/boa/src/fmmgmt.c:3007:0","request;char *;char *","void","[IFDEF SAMBA_WEB_SUPPORT] "
"boa.src","fmmgmt","formDiskCreateGroup","void formDiskCreateGroup(request *wp, char * path, char * query)","formDiskCreateGroup(request, char *, char *)","file://./data/project-sources/paper_c_6_CVE-XXXX-XXXX_trendnet_boa/boa/src/fmmgmt.c:3038:0","request;char *;char *","void","[IFDEF SAMBA_WEB_SUPPORT] "
"boa.src","fmmgmt","formSystemCheck","void formSystemCheck(request *wp, char *path, char *query)","formSystemCheck(request, char, char)","file://./data/project-sources/paper_c_6_CVE-XXXX-XXXX_trendnet_boa/boa/src/fmmgmt.c:3337:0","request;char;char","void","[IF defined(CONFIG_APP_FWD)] "
"boa.src","fmmgmt","formPasswordAuth","void formPasswordAuth(request *wp, char *path, char *query)","formPasswordAuth(request, char, char)","file://./data/project-sources/paper_c_6_CVE-XXXX-XXXX_trendnet_boa/boa/src/fmmgmt.c:3391:0","request;char;char","void","[IFDEF CONFIG_APP_BOA_CUSTOM_TRENDNET] "
"boa.src","fmmgmt","formMeshStatus","void formMeshStatus(request *wp, char *path, char *query)","formMeshStatus(request, char, char)","file://./data/project-sources/paper_c_6_CVE-XXXX-XXXX_trendnet_boa/boa/src/fmmgmt.c:3591:0","request;char;char","void","[IFNDEF NO_ACTION] "
"boa.src","fmmgmt","formWizard_","void formWizard_(request *wp, char *path, char *query)","formWizard_(request, char, char)","file://./data/project-sources/paper_c_6_CVE-XXXX-XXXX_trendnet_boa/boa/src/fmmgmt.c:4202:0","request;char;char","void","[IF defined(MIB_TLV)] "
"boa.src","fmmgmt","formUlkOpMode","void formUlkOpMode(request *wp, char *path, char *query)","formUlkOpMode(request, char, char)","file://./data/project-sources/paper_c_6_CVE-XXXX-XXXX_trendnet_boa/boa/src/fmmgmt.c:4521:0","request;char;char","void","[IF defined(CONFIG_RTL_ULINKER)] "
"boa.src","fmmgmt","formOpMode","void formOpMode(request *wp, char *path, char *query)","formOpMode(request, char, char)","file://./data/project-sources/paper_c_6_CVE-XXXX-XXXX_trendnet_boa/boa/src/fmmgmt.c:4749:0","request;char;char","void","[IF defined(CONFIG_SMART_REPEATER)] "
"boa.src","fmmgmt","formSiteSurveyProfile","void formSiteSurveyProfile(request *wp, char *path, char *query)","formSiteSurveyProfile(request, char, char)","file://./data/project-sources/paper_c_6_CVE-XXXX-XXXX_trendnet_boa/boa/src/fmmgmt.c:4833:0","request;char;char","void","[IF defined(WLAN_PROFILE)] "
"boa.src","fmmgmt","formLedDisable","void formLedDisable(request *wp, char *path, char *query)","formLedDisable(request, char, char)","file://./data/project-sources/paper_c_6_CVE-XXXX-XXXX_trendnet_boa/boa/src/fmmgmt.c:5045:0","request;char;char","void","[IFDEF CONFIG_APP_BOA_CUSTOM_TRENDNET] "
"boa.src","fmmgmt","lastLogPage","int lastLogPage(request *wp , int argc, char **argv)","lastLogPage(request, int, char)","file://./data/project-sources/paper_c_6_CVE-XXXX-XXXX_trendnet_boa/boa/src/fmmgmt.c:5335:0","request;int;char","int","[IFDEF CONFIG_APP_BOA_CUSTOM_TRENDNET] "
"boa.src","fmmgmt","formSmtpClient","void formSmtpClient(request *wp, char *path, char *query)","formSmtpClient(request, char, char)","file://./data/project-sources/paper_c_6_CVE-XXXX-XXXX_trendnet_boa/boa/src/fmmgmt.c:5605:0","request;char;char","void","[IFDEF RINGLOG] "
"boa.src","fmmgmt","formDosCfg","void formDosCfg(request *wp, char *path, char *query)","formDosCfg(request, char, char)","file://./data/project-sources/paper_c_6_CVE-XXXX-XXXX_trendnet_boa/boa/src/fmmgmt.c:5689:0","request;char;char","void","[IFDEF HOME_GATEWAY] "
"boa.src","fmmgmt","delete_user","static void delete_user(request *wp)","delete_user(request)","file://./data/project-sources/paper_c_6_CVE-XXXX-XXXX_trendnet_boa/boa/src/fmmgmt.c:5940:0","request","void","[IFDEF LOGIN_URL] ////////////////////////////////////////////////////////////////"
"boa.src","fmmgmt","add_user","static int add_user(request *wp)","add_user(request)","file://./data/project-sources/paper_c_6_CVE-XXXX-XXXX_trendnet_boa/boa/src/fmmgmt.c:5952:0","request","int","[IFDEF LOGIN_URL] ////////////////////////////////////////////////////////////////"
"boa.src","fmmgmt","is_valid_user","int is_valid_user(request *wp)","is_valid_user(request)","file://./data/project-sources/paper_c_6_CVE-XXXX-XXXX_trendnet_boa/boa/src/fmmgmt.c:5972:0","request","int","[IFDEF LOGIN_URL] ////////////////////////////////////////////////////////////////"
"boa.src","fmmgmt","formLogin","void formLogin(request *wp, char *path, char *query)","formLogin(request, char, char)","file://./data/project-sources/paper_c_6_CVE-XXXX-XXXX_trendnet_boa/boa/src/fmmgmt.c:5987:0","request;char;char","void","[IFDEF LOGIN_URL] ////////////////////////////////////////////////////////////////"
"boa.src","fmmgmt","formCpuUtilization","void formCpuUtilization(request *wp, char *path, char *query)","formCpuUtilization(request, char, char)","file://./data/project-sources/paper_c_6_CVE-XXXX-XXXX_trendnet_boa/boa/src/fmmgmt.c:6025:0","request;char;char","void","[IFDEF LOGIN_URL] "
"boa.src","fmmgmt","getPowerConsumption","int getPowerConsumption(request *wp, int argc, char **argv)","getPowerConsumption(request, int, char)","file://./data/project-sources/paper_c_6_CVE-XXXX-XXXX_trendnet_boa/boa/src/fmmgmt.c:6069:0","request;int;char","int","[IF defined(POWER_CONSUMPTION_SUPPORT)] http://www.360doc.com/content/070213/11/17255_365683.html"
"boa.src","fmmgmt","formUploadEth8021xUserCert","void formUploadEth8021xUserCert(request *wp, char * path, char * query)","formUploadEth8021xUserCert(request, char *, char *)","file://./data/project-sources/paper_c_6_CVE-XXXX-XXXX_trendnet_boa/boa/src/fmmgmt.c:6617:0","request;char *;char *","void","[IFDEF CONFIG_RTL_ETH_802DOT1X_CLIENT_MODE_SUPPORT] "
"boa.src","fmvpn","checkDupEntry","int checkDupEntry(IPSECTUNNEL_T *entry, char * msg)","checkDupEntry(IPSECTUNNEL_T, char *)","file://./data/project-sources/paper_c_6_CVE-XXXX-XXXX_trendnet_boa/boa/src/fmvpn.c:146:0","IPSECTUNNEL_T;char *","int","[IFDEF _LITTLE_ENDIAN_] "
"boa.src","fmvpn","dumpIpsecTunnel","void dumpIpsecTunnel(IPSECTUNNEL_T entry)","dumpIpsecTunnel(IPSECTUNNEL_T)","file://./data/project-sources/paper_c_6_CVE-XXXX-XXXX_trendnet_boa/boa/src/fmvpn.c:219:0","IPSECTUNNEL_T","void","[IF 0] ////////////////////////////////////////////////////////////////"
"boa.src","fmvpn","getSpiAlgo","static int getSpiAlgo(char *in_tunnel, char *out_algo, int* spi, char *rt_gw)","getSpiAlgo(char, char, int*, char)","file://./data/project-sources/paper_c_6_CVE-XXXX-XXXX_trendnet_boa/boa/src/fmvpn.c:663:0","char;char;int*;char","int","[IF 0] //////////////////////////////////////////////////////////////////////////"
"boa.src","fmvpn","getConnName","static int getConnName(char *in_tunnel, char *connName)","getConnName(char, char)","file://./data/project-sources/paper_c_6_CVE-XXXX-XXXX_trendnet_boa/boa/src/fmvpn.c:698:0","char;char","int","[IF 0] "
"boa.src","fmvpn","vpnStatList","int vpnStatList(request *wp, int argc, char **argv)","vpnStatList(request, int, char)","file://./data/project-sources/paper_c_6_CVE-XXXX-XXXX_trendnet_boa/boa/src/fmvpn.c:769:0","request;int;char","int","[IF 0] "
"boa.src","fmvpn","vpnShowLog","int vpnShowLog(request *wp, int argc, char **argv)","vpnShowLog(request, int, char)","file://./data/project-sources/paper_c_6_CVE-XXXX-XXXX_trendnet_boa/boa/src/fmvpn.c:822:0","request;int;char","int","[IF 0] "
"boa.src","fmvpn","formVpnLog","void formVpnLog(request *wp, char *path, char *query)","formVpnLog(request, char, char)","file://./data/project-sources/paper_c_6_CVE-XXXX-XXXX_trendnet_boa/boa/src/fmvpn.c:1019:0","request;char;char","void","[IFNDEF NO_ACTION] "
"boa.src","fmvpn","vpnRsaList","int vpnRsaList(request *wp, int argc, char **argv)","vpnRsaList(request, int, char)","file://./data/project-sources/paper_c_6_CVE-XXXX-XXXX_trendnet_boa/boa/src/fmvpn.c:1035:0","request;int;char","int","[IFNDEF NO_ACTION] //////////////////////////////////////////////////////////////////////////"
"boa.src","apform","dbg_wlan_mib","static int __inline__ dbg_wlan_mib(int idx)","dbg_wlan_mib(int)","file://./data/project-sources/paper_c_6_CVE-XXXX-XXXX_trendnet_boa/boa/src/apform.h:238:0","int","void","[IF CONFIG_APMIB_SHARED_MEMORY == 1] "
"boa.src","langstr","getMLS","int getMLS(request *wp, int argc, char **argv)","getMLS(request, int, char)","file://./data/project-sources/paper_c_6_CVE-XXXX-XXXX_trendnet_boa/boa/src/langstr.c:272:0","request;int;char","int","[IFDEF MYDLINK_ENABLE] modify for multi-language"
"boa.src","fmtr069","getRemoteIP","void getRemoteIP(WANIFACE_T *wanEntry, char *gwip,char *ifaceName, unsigned int index)","getRemoteIP(WANIFACE_T, char, char, unsigned int)","file://./data/project-sources/paper_c_6_CVE-XXXX-XXXX_trendnet_boa/boa/src/fmtr069.c:270:0","WANIFACE_T;char;char;unsigned int","void","[IF defined(MULTI_WAN_SUPPORT)] "
"boa.src","fmtr069","CWMP_find_multiPartBoundary","unsigned char* CWMP_find_multiPartBoundary(unsigned char *data, int dlen, char *pattern, int plen, int *result)","CWMP_find_multiPartBoundary(unsigned char, int, char, int, int)","file://./data/project-sources/paper_c_6_CVE-XXXX-XXXX_trendnet_boa/boa/src/fmtr069.c:320:0","unsigned char;int;char;int;int","char*","[IF defined(MULTI_WAN_SUPPORT)] "
"boa.src","fmtr069","CWMP_Find_head_offset","int CWMP_Find_head_offset(char *upload_data)","CWMP_Find_head_offset(char)","file://./data/project-sources/paper_c_6_CVE-XXXX-XXXX_trendnet_boa/boa/src/fmtr069.c:342:0","char","int","[IFDEF _CWMP_WITH_SSL_] "
"boa.src","fmtr069","uploadGetCert","int uploadGetCert(request *wp, unsigned int *offset, unsigned int *len)","uploadGetCert(request, unsigned int, unsigned int)","file://./data/project-sources/paper_c_6_CVE-XXXX-XXXX_trendnet_boa/boa/src/fmtr069.c:389:0","request;unsigned int;unsigned int","int","[IFDEF _CWMP_WITH_SSL_] copy from fmmgmt.c find the start and end of the upload file."
"boa.src","fmtr069","ShowMNGCertTable","int ShowMNGCertTable(request *wp)","ShowMNGCertTable(request)","file://./data/project-sources/paper_c_6_CVE-XXXX-XXXX_trendnet_boa/boa/src/fmtr069.c:964:0","request","int","[IFDEF _CWMP_WITH_SSL_] "
"boa.src","fmtr069","ShowAuthSelect","int ShowAuthSelect(request *wp)","ShowAuthSelect(request)","file://./data/project-sources/paper_c_6_CVE-XXXX-XXXX_trendnet_boa/boa/src/fmtr069.c:1031:0","request","int","[IF 0] "
"boa.src","fmtr069","ShowAuthSelFun","int ShowAuthSelFun(request *wp)","ShowAuthSelFun(request)","file://./data/project-sources/paper_c_6_CVE-XXXX-XXXX_trendnet_boa/boa/src/fmtr069.c:1052:0","request","int","[IFDEF _TR069_CONREQ_AUTH_SELECT_] "
"boa.src","boa","create_server_socket","static int create_server_socket(void)","create_server_socket()","file://./data/project-sources/paper_c_6_CVE-XXXX-XXXX_trendnet_boa/boa/src/boa.c:293:0","void","int","[IFNDEF DISABLE_DEBUG] "
"boa.src","request","base64decode","static int base64decode(void *dst,char *src,int maxlen)","base64decode(void, char, int)","file://./data/project-sources/paper_c_6_CVE-XXXX-XXXX_trendnet_boa/boa/src/request.c:81:0","void;char;int","int","[IFDEF USE_AUTH] Name: base64decode  Description: Decodes BASE-64 encoded string /"
"boa.src","request","clear_allauth","void clear_allauth()","clear_allauth()","file://./data/project-sources/paper_c_6_CVE-XXXX-XXXX_trendnet_boa/boa/src/request.c:120:0","void","void","[IFDEF USE_AUTH] "
"boa.src","request","check_login","void check_login(int req_login_ip)","check_login(int)","file://./data/project-sources/paper_c_6_CVE-XXXX-XXXX_trendnet_boa/boa/src/request.c:126:0","int","void","[IFDEF USE_AUTH_CGI] "
"boa.src","request","auth_countdown","void auth_countdown()","auth_countdown()","file://./data/project-sources/paper_c_6_CVE-XXXX-XXXX_trendnet_boa/boa/src/request.c:150:0","void","void","[IFDEF USE_AUTH_CGI] "
"boa.src","request","get_ssl_request","void get_ssl_request(void)","get_ssl_request()","file://./data/project-sources/paper_c_6_CVE-XXXX-XXXX_trendnet_boa/boa/src/request.c:452:0","void","void","[IFNDEF NO_RATE_LIMIT] "
"boa.src","request","add_accept_header","void add_accept_header(request * req, const char *mime_type)","add_accept_header(request *, const char)","file://./data/project-sources/paper_c_6_CVE-XXXX-XXXX_trendnet_boa/boa/src/request.c:1546:0","request *;const char","void","[IFDEF ACCEPT_ON] Name: add_accept_header Description: Adds a mime_type to a requests accept char buffer silently ignore any that don't fit - shouldn't happen because of relative buffer sizes /"
"boa.src","fmbt","get_token_string","static void get_token_string(char *val, char *token, int *tokenlen)","get_token_string(char, char, int)","file://./data/project-sources/paper_c_6_CVE-XXXX-XXXX_trendnet_boa/boa/src/fmbt.c:243:0","char;char;int","void","[IFNDEF NO_ACTION] "
"boa.src","fmbt","get_torrent_name","static void get_torrent_name(char *val, char *name)","get_torrent_name(char, char)","file://./data/project-sources/paper_c_6_CVE-XXXX-XXXX_trendnet_boa/boa/src/fmbt.c:264:0","char;char","void","[IF 0] "
"boa.src","fmbt","formBTNewTorrent","void formBTNewTorrent(request *wp, char *path, char *query)","formBTNewTorrent(request, char, char)","file://./data/project-sources/paper_c_6_CVE-XXXX-XXXX_trendnet_boa/boa/src/fmbt.c:291:0","request;char;char","void","[IF 0] New BT Torrent"
"boa.src","fmtcpip","tcpipLanHandler","int tcpipLanHandler(request *wp, char *tmpBuf)","tcpipLanHandler(request, char)","file://./data/project-sources/paper_c_6_CVE-XXXX-XXXX_trendnet_boa/boa/src/fmtcpip.c:717:0","request;char","int","[IFDEF HOME_GATEWAY] "
"boa.src","fmtcpip","formTcpipSetup","void formTcpipSetup(request *wp, char *path, char *query)","formTcpipSetup(request, char, char)","file://./data/project-sources/paper_c_6_CVE-XXXX-XXXX_trendnet_boa/boa/src/fmtcpip.c:1055:0","request;char;char","void","[IFDEF CONFIG_IPV6] "
"boa.src","fmtcpip","kill_3G_ppp_inet","void kill_3G_ppp_inet(void)","kill_3G_ppp_inet()","file://./data/project-sources/paper_c_6_CVE-XXXX-XXXX_trendnet_boa/boa/src/fmtcpip.c:1197:0","void","void","[IFNDEF NO_ACTION] "
"boa.src","fmtcpip","formWanTcpipSetup","void formWanTcpipSetup(request *wp, char *path, char *query)","formWanTcpipSetup(request, char, char)","file://./data/project-sources/paper_c_6_CVE-XXXX-XXXX_trendnet_boa/boa/src/fmtcpip.c:3387:0","request;char;char","void","[IF 0] /////////////////////////////////////////////////////////////////////////////"
"boa.src","fmtcpip","dhcpClientList","int dhcpClientList(request *wp, int argc, char **argv)","dhcpClientList(request, int, char)","file://./data/project-sources/paper_c_6_CVE-XXXX-XXXX_trendnet_boa/boa/src/fmtcpip.c:3621:0","request;int;char","int","[IFNDEF NO_ACTION] "
"boa.src","fmfwall","formVlan","void formVlan(request *wp, char *path, char *query)","formVlan(request, char, char)","file://./data/project-sources/paper_c_6_CVE-XXXX-XXXX_trendnet_boa/boa/src/fmfwall.c:216:0","request;char;char","void","[IF defined(CONFIG_RTL_8198_AP_ROOT) && defined(GMII_ENABLED)] "
"boa.src","fmfwall","formTriggerPort","void formTriggerPort(request *wp, char *path, char *query)","formTriggerPort(request, char, char)","file://./data/project-sources/paper_c_6_CVE-XXXX-XXXX_trendnet_boa/boa/src/fmfwall.c:1142:0","request;char;char","void","[IF 0] //////////////////////////////////////////////////////////////////////////"
"boa.src","fmfwall","formVlanWAN","void formVlanWAN(request *wp, char *path, char *query)","formVlanWAN(request, char, char)","file://./data/project-sources/paper_c_6_CVE-XXXX-XXXX_trendnet_boa/boa/src/fmfwall.c:1384:0","request;char;char","void","[IF defined(CONFIG_RTK_VLAN_WAN_TAG_SUPPORT)] "
"boa.src","fmfwall","formMacFilter","void formMacFilter(request *wp, char *path, char *query)","formMacFilter(request, char, char)","file://./data/project-sources/paper_c_6_CVE-XXXX-XXXX_trendnet_boa/boa/src/fmfwall.c:2001:0","request;char;char","void","[IFDEF CONFIG_APP_BOA_CUSTOM_TRENDNET] "
"boa.src","fmfwall","macfilterScheduleHandler","int macfilterScheduleHandler(request *wp, char *tmpBuf, int loop_time)","macfilterScheduleHandler(request, char, int)","file://./data/project-sources/paper_c_6_CVE-XXXX-XXXX_trendnet_boa/boa/src/fmfwall.c:2211:0","request;char;int","int","[IFDEF CONFIG_APP_BOA_CUSTOM_TRENDNET] //////////////////////////////////////////////////////////////////////////"
"boa.src","fmfwall","macFilterList","int macFilterList(request *wp, int argc, char **argv)","macFilterList(request, int, char)","file://./data/project-sources/paper_c_6_CVE-XXXX-XXXX_trendnet_boa/boa/src/fmfwall.c:2314:0","request;int;char","int","[IFDEF CONFIG_APP_BOA_CUSTOM_TRENDNET] "
"boa.src","fmfwall","triggerPortList","int triggerPortList(request *wp, int argc, char **argv)","triggerPortList(request, int, char)","file://./data/project-sources/paper_c_6_CVE-XXXX-XXXX_trendnet_boa/boa/src/fmfwall.c:2496:0","request;int;char","int","[IF 0] //////////////////////////////////////////////////////////////////////////"
"boa.src","fmfwall","formQoS","void formQoS(request *wp, char *path, char *query)","formQoS(request, char, char)","file://./data/project-sources/paper_c_6_CVE-XXXX-XXXX_trendnet_boa/boa/src/fmfwall.c:2624:0","request;char;char","void","[IFDEF GW_QOS_ENGINE] "
"boa.src","fmfwall","formIpQoS","void formIpQoS(request *wp, char *path, char *query)","formIpQoS(request, char, char)","file://./data/project-sources/paper_c_6_CVE-XXXX-XXXX_trendnet_boa/boa/src/fmfwall.c:3072:0","request;char;char","void","[IF defined(CONFIG_NETFILTER_XT_MATCH_LAYER7)] //////////////////////////////////////////////////////////////////////////"
"boa.src","fmfwall","UserEditName","int UserEditName(request *wp, int argc, char **argv)","UserEditName(request, int, char)","file://./data/project-sources/paper_c_6_CVE-XXXX-XXXX_trendnet_boa/boa/src/fmfwall.c:3391:0","request;int;char","int","[IFDEF REBOOT_CHECK] "
"boa.src","fmfwall","GroupEditName","int GroupEditName(request *wp, int argc, char **argv)","GroupEditName(request, int, char)","file://./data/project-sources/paper_c_6_CVE-XXXX-XXXX_trendnet_boa/boa/src/fmfwall.c:3409:0","request;int;char","int","[IFDEF SAMBA_WEB_SUPPORT] "
"boa.src","fmfwall","ShareFolderList","int ShareFolderList(request *wp, int argc, char **argv)","ShareFolderList(request, int, char)","file://./data/project-sources/paper_c_6_CVE-XXXX-XXXX_trendnet_boa/boa/src/fmfwall.c:3427:0","request;int;char","int","[IFDEF SAMBA_WEB_SUPPORT] "
"boa.src","fmfwall","Storage_GeDirRoot","int Storage_GeDirRoot(request *wp, int argc, char **argv)","Storage_GeDirRoot(request, int, char)","file://./data/project-sources/paper_c_6_CVE-XXXX-XXXX_trendnet_boa/boa/src/fmfwall.c:3462:0","request;int;char","int","[IFDEF SAMBA_WEB_SUPPORT] "
"boa.src","fmfwall","FolderList","int FolderList(request *wp, int argc, char **argv)","FolderList(request, int, char)","file://./data/project-sources/paper_c_6_CVE-XXXX-XXXX_trendnet_boa/boa/src/fmfwall.c:3486:0","request;int;char","int","[IFDEF SAMBA_WEB_SUPPORT] "
"boa.src","fmfwall","DiskList","int DiskList(request *wp, int argc, char **argv)","DiskList(request, int, char)","file://./data/project-sources/paper_c_6_CVE-XXXX-XXXX_trendnet_boa/boa/src/fmfwall.c:3598:0","request;int;char","int","[IFDEF SAMBA_WEB_SUPPORT] "
"boa.src","fmfwall","Storage_DispalyUser","int Storage_DispalyUser(request *wp, int argc, char **argv)","Storage_DispalyUser(request, int, char)","file://./data/project-sources/paper_c_6_CVE-XXXX-XXXX_trendnet_boa/boa/src/fmfwall.c:3661:0","request;int;char","int","[IFDEF SAMBA_WEB_SUPPORT] "
"boa.src","fmfwall","Storage_DispalyGroup","int Storage_DispalyGroup(request *wp, int argc, char **argv)","Storage_DispalyGroup(request, int, char)","file://./data/project-sources/paper_c_6_CVE-XXXX-XXXX_trendnet_boa/boa/src/fmfwall.c:3691:0","request;int;char","int","[IFDEF SAMBA_WEB_SUPPORT] "
"boa.src","fmfwall","Storage_GetGroupMember","int Storage_GetGroupMember(request *wp, int argc, char **argv)","Storage_GetGroupMember(request, int, char)","file://./data/project-sources/paper_c_6_CVE-XXXX-XXXX_trendnet_boa/boa/src/fmfwall.c:3722:0","request;int;char","int","[IFDEF SAMBA_WEB_SUPPORT] "
"boa.src","fmulinker","ulinker_process","int ulinker_process()","ulinker_process()","file://./data/project-sources/paper_c_6_CVE-XXXX-XXXX_trendnet_boa/boa/src/fmulinker.c:759:0","void","int","[IF 0] "
"boa.src","escape","main","int main(void)","main()","file://./data/project-sources/paper_c_6_CVE-XXXX-XXXX_trendnet_boa/boa/src/escape.c:83:0","void","int","[IFDEF TEST] "
"boa.src","fmroute","kernelRoute6List","int kernelRoute6List(request *wp, int argc, char **argv)","kernelRoute6List(request, int, char)","file://./data/project-sources/paper_c_6_CVE-XXXX-XXXX_trendnet_boa/boa/src/fmroute.c:783:0","request;int;char","int","[IFDEF DEBUG] "
"boa.src","AspPage","log_boaform","void log_boaform(char *form)","log_boaform(char)","file://./data/project-sources/paper_c_6_CVE-XXXX-XXXX_trendnet_boa/boa/src/asp_page.c:421:0","char","void","[IFDEF CSRF_SECURITY_PATCH] "
"boa.src","AspPage","delete_boaform","static void delete_boaform(char *form)","delete_boaform(char)","file://./data/project-sources/paper_c_6_CVE-XXXX-XXXX_trendnet_boa/boa/src/asp_page.c:455:0","char","void","[IFDEF CSRF_SECURITY_PATCH] "
"boa.src","AspPage","is_valid_boaform","static int is_valid_boaform(char *form)","is_valid_boaform(char)","file://./data/project-sources/paper_c_6_CVE-XXXX-XXXX_trendnet_boa/boa/src/asp_page.c:472:0","char","int","[IFDEF CSRF_SECURITY_PATCH] "
"boa.src","AspPage","is_any_log","static int is_any_log()","is_any_log()","file://./data/project-sources/paper_c_6_CVE-XXXX-XXXX_trendnet_boa/boa/src/asp_page.c:490:0","void","int","[IFDEF CSRF_SECURITY_PATCH] "
"boa.src","AspPage","stristr","static char* stristr(char* str, char* subStr)","stristr(char*, char*)","file://./data/project-sources/paper_c_6_CVE-XXXX-XXXX_trendnet_boa/boa/src/asp_page.c:775:0","char*;char*","char*","[IFDEF CSRF_SECURITY_PATCH] "
"boa.src","AspPage","nojscript","static int nojscript(char *url)","nojscript(char)","file://./data/project-sources/paper_c_6_CVE-XXXX-XXXX_trendnet_boa/boa/src/asp_page.c:785:0","char","int","[IFDEF CONFIG_APP_BOA_CUSTOM_TRENDNET] "
"boa.src","AspPage","handleForm","void handleForm(request *req)","handleForm(request)","file://./data/project-sources/paper_c_6_CVE-XXXX-XXXX_trendnet_boa/boa/src/asp_page.c:1029:0","request","void","[ELIF defined(VOIP_SUPPORT) && defined(ATA867x)] "
"boa.src","AspPage","handleScript","void handleScript(request *req,char *left1,char *right1)","handleScript(request, char, char)","file://./data/project-sources/paper_c_6_CVE-XXXX-XXXX_trendnet_boa/boa/src/asp_page.c:1174:0","request;char;char","void","[IFDEF HTTP_FILE_SERVER_SUPPORTED] "
"boa.src","buffer","req_write_escape_http","int req_write_escape_http(request * req, const char *msg)","req_write_escape_http(request *, const char)","file://./data/project-sources/paper_c_6_CVE-XXXX-XXXX_trendnet_boa/boa/src/buffer.c:78:0","request *;const char","int","[IFDEF FASCIST_LOGGING] Name: req_write_escape_http Description: Buffers and ""escapes"" data before sending to client. as above, but translates as it copies, into a form suitably encoded for URLs in HTTP headers. Returns: -1 for error, otherwise how much is stored /"
"boa.src","FmdomainQuery","isBandModeBoth","int isBandModeBoth()","isBandModeBoth()","file://./data/project-sources/paper_c_6_CVE-XXXX-XXXX_trendnet_boa/boa/src/fmdomain_query.c:62:0","void","int","[IF defined(CONFIG_RTL_92D_SUPPORT)] "
"boa.src","FmdomainQuery","write_line_to_file","int write_line_to_file(char *filename, int mode, char *line_data)","write_line_to_file(char, int, char)","file://./data/project-sources/paper_c_6_CVE-XXXX-XXXX_trendnet_boa/boa/src/fmdomain_query.c:93:0","char;int;char","int","[IF 0 // move to src/utility.c] "
"boa.src","FmdomainQuery","Confirm_Chld_termniated","void Confirm_Chld_termniated(void)","Confirm_Chld_termniated()","file://./data/project-sources/paper_c_6_CVE-XXXX-XXXX_trendnet_boa/boa/src/fmdomain_query.c:1232:0","void","void","[IF 0] "
"boa.src","FmdomainQuery","Stop_Domain_Query_Process","void Stop_Domain_Query_Process(void)","Stop_Domain_Query_Process()","file://./data/project-sources/paper_c_6_CVE-XXXX-XXXX_trendnet_boa/boa/src/fmdomain_query.c:1241:0","void","void","[IF 0] "
"boa.src","FmdomainQuery","Reset_Domain_Query_Setting","void Reset_Domain_Query_Setting(void)","Reset_Domain_Query_Setting()","file://./data/project-sources/paper_c_6_CVE-XXXX-XXXX_trendnet_boa/boa/src/fmdomain_query.c:1246:0","void","void","[IF 0] "
"boa.src","util","simple_off64Toa","char * simple_off64Toa(off64_t i)","simple_off64Toa(off64_t)","file://./data/project-sources/paper_c_6_CVE-XXXX-XXXX_trendnet_boa/boa/src/util.c:525:0","off64_t","char *","[IF defined(ENABLE_LFS)] "
"boa.src","util","parse_debug","void parse_debug(char *foo)","parse_debug(char)","file://./data/project-sources/paper_c_6_CVE-XXXX-XXXX_trendnet_boa/boa/src/util.c:771:0","char","void","[IFNDEF DISABLE_DEBUG] "
"boa.src","fmwlan","_isBandModeBoth","static int _isBandModeBoth()","_isBandModeBoth()","file://./data/project-sources/paper_c_6_CVE-XXXX-XXXX_trendnet_boa/boa/src/fmwlan.c:106:0","void","int","[IF defined(CONFIG_RTL_92D_SUPPORT)] "
"boa.src","fmwlan","run_init_script","void run_init_script(char *arg)","run_init_script(char)","file://./data/project-sources/paper_c_6_CVE-XXXX-XXXX_trendnet_boa/boa/src/fmwlan.c:328:0","char","void","[IFDEF CONFIG_SNMP] "
"boa.src","fmwlan","formSetTime","void formSetTime(request *wp, char *path, char *query)","formSetTime(request, char, char)","file://./data/project-sources/paper_c_6_CVE-XXXX-XXXX_trendnet_boa/boa/src/fmwlan.c:442:0","request;char;char","void","[IFDEF REBOOT_CHECK] "
"boa.src","fmwlan","wlSchList","int wlSchList(request *wp, int argc, char **argv)","wlSchList(request, int, char)","file://./data/project-sources/paper_c_6_CVE-XXXX-XXXX_trendnet_boa/boa/src/fmwlan.c:506:0","request;int;char","int","[IF defined(NEW_SCHEDULE_SUPPORT)] "
"boa.src","fmwlan","formNewSchedule","void formNewSchedule(request *wp, char *path, char *query)","formNewSchedule(request, char, char)","file://./data/project-sources/paper_c_6_CVE-XXXX-XXXX_trendnet_boa/boa/src/fmwlan.c:628:0","request;char;char","void","[IF defined(NEW_SCHEDULE_SUPPORT)] "
"boa.src","fmwlan","setRepeaterSsid","void setRepeaterSsid(int wlanid, int rptid, char *str_ssid)","setRepeaterSsid(int, int, char)","file://./data/project-sources/paper_c_6_CVE-XXXX-XXXX_trendnet_boa/boa/src/fmwlan.c:922:0","int;int;char","void","[IFDEF CONFIG_APP_BOA_CUSTOM_TRENDNET] "
"boa.src","fmwlan","addWlProfileHandler","int addWlProfileHandler(request *wp, char *tmpBuf, int wlan_id)","addWlProfileHandler(request, char, int)","file://./data/project-sources/paper_c_6_CVE-XXXX-XXXX_trendnet_boa/boa/src/fmwlan.c:954:0","request;char;int","int","[IF defined(WLAN_PROFILE)] "
"boa.src","fmwlan","wlProfileHandler","static int wlProfileHandler(request *wp, char *tmpBuf, int wlan_id)","wlProfileHandler(request, char, int)","file://./data/project-sources/paper_c_6_CVE-XXXX-XXXX_trendnet_boa/boa/src/fmwlan.c:1154:0","request;char;int","int","[IF defined(WLAN_PROFILE)] "
"boa.src","fmwlan","generate_random_str","void generate_random_str(unsigned char *data,int len)","generate_random_str(unsigned char, int)","file://./data/project-sources/paper_c_6_CVE-XXXX-XXXX_trendnet_boa/boa/src/fmwlan.c:1508:0","unsigned char;int","void","[IF defined(CONFIG_RTL_ULINKER)] "
"boa.src","fmwlan","generate_GO_ssid","void generate_GO_ssid(void)","generate_GO_ssid()","file://./data/project-sources/paper_c_6_CVE-XXXX-XXXX_trendnet_boa/boa/src/fmwlan.c:1519:0","void","void","[IFDEF CONFIG_RTL_P2P_SUPPORT] "
"boa.src","fmwlan","generate_GO_PSK","void generate_GO_PSK(void)","generate_GO_PSK()","file://./data/project-sources/paper_c_6_CVE-XXXX-XXXX_trendnet_boa/boa/src/fmwlan.c:1535:0","void","void","[IFDEF CONFIG_RTL_P2P_SUPPORT] "
"boa.src","fmwlan","formEngineeringMode","void formEngineeringMode(request *wp, char *path, char *query)","formEngineeringMode(request, char, char)","file://./data/project-sources/paper_c_6_CVE-XXXX-XXXX_trendnet_boa/boa/src/fmwlan.c:3077:0","request;char;char","void","[IFDEF CONFIG_RTK_MESH] "
"boa.src","fmwlan","formEngineeringMode2","void formEngineeringMode2(request *wp, char *path, char *query)","formEngineeringMode2(request, char, char)","file://./data/project-sources/paper_c_6_CVE-XXXX-XXXX_trendnet_boa/boa/src/fmwlan.c:3215:0","request;char;char","void","[IFNDEF NO_ACTION] "
"boa.src","fmwlan","formMeshACLSetup","void formMeshACLSetup(request *wp, char *path, char *query)","formMeshACLSetup(request, char, char)","file://./data/project-sources/paper_c_6_CVE-XXXX-XXXX_trendnet_boa/boa/src/fmwlan.c:3265:0","request;char;char","void","[IFDEF _MESH_ACL_ENABLE_] "
"boa.src","fmwlan","swapWlanMibSetting","void swapWlanMibSetting(unsigned char wlanifNumA, unsigned char wlanifNumB)","swapWlanMibSetting(unsigned char, unsigned char)","file://./data/project-sources/paper_c_6_CVE-XXXX-XXXX_trendnet_boa/boa/src/fmwlan.c:3615:0","unsigned char;unsigned char","void","[IF defined(CONFIG_RTL_92D_SUPPORT) || defined(CONFIG_RTL_8881A_SELECTIVE)] "
"boa.src","fmwlan","formWlanBand2G5G","void formWlanBand2G5G(request *wp, char *path, char *query)","formWlanBand2G5G(request, char, char)","file://./data/project-sources/paper_c_6_CVE-XXXX-XXXX_trendnet_boa/boa/src/fmwlan.c:3687:0","request;char;char","void","[IF VLAN_CONFIG_SUPPORTED] "
"boa.src","fmwlan","wlanProfileEncryptHandler","int wlanProfileEncryptHandler(request *wp, char *tmpBuf)","wlanProfileEncryptHandler(request, char)","file://./data/project-sources/paper_c_6_CVE-XXXX-XXXX_trendnet_boa/boa/src/fmwlan.c:5870:0","request;char","int","[IF defined(WLAN_PROFILE)] "
"boa.src","fmwlan","wlRxStatics","int wlRxStatics(request *wp, int argc, char **argv)","wlRxStatics(request, int, char)","file://./data/project-sources/paper_c_6_CVE-XXXX-XXXX_trendnet_boa/boa/src/fmwlan.c:6674:0","request;int;char","int","[IF defined(_11s_TEST_MODE_)] "
"boa.src","fmwlan","wlMeshRootInfo","int wlMeshRootInfo(request *wp, int argc, char **argv)","wlMeshRootInfo(request, int, char)","file://./data/project-sources/paper_c_6_CVE-XXXX-XXXX_trendnet_boa/boa/src/fmwlan.c:6734:0","request;int;char","int","[IFDEF _11s_TEST_MODE_] "
"boa.src","fmwlan","formWlanMultipleAP","void formWlanMultipleAP(request *wp, char *path, char *query)","formWlanMultipleAP(request, char, char)","file://./data/project-sources/paper_c_6_CVE-XXXX-XXXX_trendnet_boa/boa/src/fmwlan.c:7733:0","request;char;char","void","[IFDEF CONFIG_APP_BOA_CUSTOM_TRENDNET] "
"boa.src","fmwlan","formWlMesh","void formWlMesh(request *wp, char *path, char *query)","formWlMesh(request, char, char)","file://./data/project-sources/paper_c_6_CVE-XXXX-XXXX_trendnet_boa/boa/src/fmwlan.c:9408:0","request;char;char","void","[IFDEF CONFIG_RTK_MESH] //////////////////////////////////////////////////////////////////////////"
"boa.src","fmwlan","wlProfileTblList","int wlProfileTblList(request *wp, int argc, char **argv)","wlProfileTblList(request, int, char)","file://./data/project-sources/paper_c_6_CVE-XXXX-XXXX_trendnet_boa/boa/src/fmwlan.c:9673:0","request;int;char","int","[IF defined(WLAN_PROFILE)] "
"boa.src","fmwlan","wlProfileList","int wlProfileList(request *wp, int argc, char **argv)","wlProfileList(request, int, char)","file://./data/project-sources/paper_c_6_CVE-XXXX-XXXX_trendnet_boa/boa/src/fmwlan.c:9738:0","request;int;char","int","[IF defined(WLAN_PROFILE)] "
"boa.src","fmwlan","formAutoCfg","void formAutoCfg(request *wp, char *path, char *query)","formAutoCfg(request, char, char)","file://./data/project-sources/paper_c_6_CVE-XXXX-XXXX_trendnet_boa/boa/src/fmwlan.c:10126:0","request;char;char","void","[IFNDEF NO_ACTION] //////////////////////////////////////////////////////////////////////////"
"boa.src","fmwlan","sigHandler_autoconf","void sigHandler_autoconf(int signo)","sigHandler_autoconf(int)","file://./data/project-sources/paper_c_6_CVE-XXXX-XXXX_trendnet_boa/boa/src/fmwlan.c:10427:0","int","void","[IFDEF WIFI_SIMPLE_CONFIG] "
"boa.src","fmwlan","convert_hex_to_ascii","static void convert_hex_to_ascii(unsigned long code, char *out)","convert_hex_to_ascii(unsigned long, char)","file://./data/project-sources/paper_c_6_CVE-XXXX-XXXX_trendnet_boa/boa/src/fmwlan.c:10773:0","unsigned long;char","void","[IF defined(CONFIG_RTL_92D_SUPPORT)] "
"boa.src","fmwlan","compute_pin_checksum","static int compute_pin_checksum(unsigned long int PIN)","compute_pin_checksum(unsigned long int)","file://./data/project-sources/paper_c_6_CVE-XXXX-XXXX_trendnet_boa/boa/src/fmwlan.c:10786:0","unsigned long int","int","[IF 0] "
"boa.src","fmwlan","formWsc","void formWsc(request *wp, char *path, char *query)","formWsc(request, char, char)","file://./data/project-sources/paper_c_6_CVE-XXXX-XXXX_trendnet_boa/boa/src/fmwlan.c:10848:0","request;char;char","void","[IF 0] "
"boa.src","fmwlan","outPut","static void outPut(unsigned char *buf, int len)","outPut(unsigned char, int)","file://./data/project-sources/paper_c_6_CVE-XXXX-XXXX_trendnet_boa/boa/src/fmwlan.c:11837:0","unsigned char;int","void","[IF 0  //for] "
"boa.src","fmwlan","formWapiCertDistribute","void formWapiCertDistribute(request *wp, char * path, char * query)","formWapiCertDistribute(request, char *, char *)","file://./data/project-sources/paper_c_6_CVE-XXXX-XXXX_trendnet_boa/boa/src/fmwlan.c:12575:0","request;char *;char *","void","[IF 0  //for debug] "
"boa.src","fmwlan","formUpload8021xUserCert","void formUpload8021xUserCert(request *wp, char * path, char * query)","formUpload8021xUserCert(request, char *, char *)","file://./data/project-sources/paper_c_6_CVE-XXXX-XXXX_trendnet_boa/boa/src/fmwlan.c:12680:0","request;char *;char *","void","[IFDEF CONFIG_RTL_802_1X_CLIENT_SUPPORT] "
"boa.src","fmwlan","CHECKSUM","static unsigned char CHECKSUM(unsigned char *data, int len)","CHECKSUM(unsigned char, int)","file://./data/project-sources/paper_c_6_CVE-XXXX-XXXX_trendnet_boa/boa/src/fmwlan.c:13014:0","unsigned char;int","char","[IFDEF TLS_CLIENT] "
"boa.src","fmwlan","lookfor_cert_dir","static int lookfor_cert_dir(FILE *lp, char *dirpath, int is_for_web)","lookfor_cert_dir(FILE, char, int)","file://./data/project-sources/paper_c_6_CVE-XXXX-XXXX_trendnet_boa/boa/src/fmwlan.c:13029:0","FILE;char;int","int","[IF 0] "
"boa.src","fmwlan","formCertUpload","void formCertUpload(request *wp, char * path, char * query)","formCertUpload(request, char *, char *)","file://./data/project-sources/paper_c_6_CVE-XXXX-XXXX_trendnet_boa/boa/src/fmwlan.c:13250:0","request;char *;char *","void","[IFDEF __mips__] "
"boa.src","fmwlan","certRootList","int certRootList(request *wp, int argc, char **argv)","certRootList(request, int, char)","file://./data/project-sources/paper_c_6_CVE-XXXX-XXXX_trendnet_boa/boa/src/fmwlan.c:13503:0","request;int;char","int","[IFNDEF NO_ACTION] "
"boa.src","fmwlan","certUserList","int certUserList(request *wp, int argc, char **argv)","certUserList(request, int, char)","file://./data/project-sources/paper_c_6_CVE-XXXX-XXXX_trendnet_boa/boa/src/fmwlan.c:13530:0","request;int;char","int","[IFNDEF NO_ACTION] "
"boa.src","fmwlan","p2p_dhcp_process","void p2p_dhcp_process(void)","p2p_dhcp_process()","file://./data/project-sources/paper_c_6_CVE-XXXX-XXXX_trendnet_boa/boa/src/fmwlan.c:14105:0","void","void","[IF defined(CONFIG_RTL_92D_SUPPORT)] "
"boa.src","range","send_r_invalid_range","void send_r_invalid_range(request * req)","send_r_invalid_range(request *)","file://./data/project-sources/paper_c_6_CVE-XXXX-XXXX_trendnet_boa/boa/src/range.c:420:0","request *","void","[IF defined(ENABLE_LFS)] "
"boa.src","range","log_error_mesg","void log_error_mesg(char *file, int line, char *mesg, int die)","log_error_mesg(char, int, char, int)","file://./data/project-sources/paper_c_6_CVE-XXXX-XXXX_trendnet_boa/boa/src/range.c:425:0","char;int;char;int","void","[IFDEF STANDALONE_TEST] "
"boa.src","range","main","int main(int argc, char *argv[])","main(int, *argv[])","file://./data/project-sources/paper_c_6_CVE-XXXX-XXXX_trendnet_boa/boa/src/range.c:430:0","int;*argv[]","int","[IFDEF STANDALONE_TEST] "
"boa.src.hnap.DLINK","hnap","do_GetMyDLinkSettings","int do_GetMyDLinkSettings(const char *key, char *raw, HNAP_SESSION_T session_type , request *req)","do_GetMyDLinkSettings(const char, char, HNAP_SESSION_T, request)","file://./data/project-sources/paper_c_6_CVE-XXXX-XXXX_trendnet_boa/boa/src/hnap/DLINK/hnap.c:2201:0","const char;char;HNAP_SESSION_T;request","int","[IFDEF MYDLINK_ENABLE] Tim Wang 2012/06/15"
"boa.src.hnap.DLINK","hnap","do_SetMyDLinkSettings","int do_SetMyDLinkSettings(const char *key, char *raw, HNAP_SESSION_T session_type , request *req)","do_SetMyDLinkSettings(const char, char, HNAP_SESSION_T, request)","file://./data/project-sources/paper_c_6_CVE-XXXX-XXXX_trendnet_boa/boa/src/hnap/DLINK/hnap.c:2252:0","const char;char;HNAP_SESSION_T;request","int","[IFDEF MYDLINK_ENABLE] Tim Wang 2012/06/20"
"boa.src.hnap.DLINK","hnap","do_SetMyDLinkSettings_to_xml","int do_SetMyDLinkSettings_to_xml(char *source_xml)","do_SetMyDLinkSettings_to_xml(char)","file://./data/project-sources/paper_c_6_CVE-XXXX-XXXX_trendnet_boa/boa/src/hnap/DLINK/hnap.c:2273:0","char","int","[IFDEF MYDLINK_ENABLE] Tim Wang 2012/06/15"
"boa.src.hnap.DLINK","hnap","do_SetMyDLinkunregistration","int do_SetMyDLinkunregistration(const char *key, char *raw, HNAP_SESSION_T session_type , request *req)","do_SetMyDLinkunregistration(const char, char, HNAP_SESSION_T, request)","file://./data/project-sources/paper_c_6_CVE-XXXX-XXXX_trendnet_boa/boa/src/hnap/DLINK/hnap.c:2364:0","const char;char;HNAP_SESSION_T;request","int","[IFDEF MYDLINK_ENABLE] "
