id,project_slug,cve_id,cwe_id,cwe_name,github_username,github_repository_name,github_tag,github_url,advisory_id,buggy_commit_id,fix_commit_ids
0,test_java_1_CVE-2018-9159_1.0.0,CVE-2018-9159,CWE-022,Improper Limitation of a Pathname to a Restricted Directory ('Path Traversal'),,,,,,,030e9d00125cbd1ad759668f85488aba1019c668;a221a864db28eb736d36041df2fa6eb8839fc5cd;ce9e11517eca69e58ed4378d1e47a02bd06863cc
1,perwendel__spark_CVE-2018-9159_2.7.1,CVE-2018-9159,CWE-022,Improper Limitation of a Pathname to a Restricted Directory ('Path Traversal'),perwendel,spark,2.7.1,https://github.com/perwendel/spark,GHSA-76qr-mmh8-cp8f,5316c0d0f057daaf556c3907c20df975f7bf8a8a,030e9d00125cbd1ad759668f85488aba1019c668;a221a864db28eb736d36041df2fa6eb8839fc5cd;ce9e11517eca69e58ed4378d1e47a02bd06863cc
2,perwendel__spark_CVE-2016-9177_2.5.1,CVE-2016-9177,CWE-022,Improper Limitation of a Pathname to a Restricted Directory ('Path Traversal'),perwendel,spark,2.5.1,https://github.com/perwendel/spark,GHSA-89gc-6cw6-4vch,ce57dfb949ed183405f75dee8cf3262b45c9b3b5,efcb46c710e3f56805b9257a63d1306882f4faf9
3,square__retrofit_CVE-2018-1000850_2.4.0,CVE-2018-1000850,CWE-022,Improper Limitation of a Pathname to a Restricted Directory ('Path Traversal'),square,retrofit,2.4.0,https://github.com/square/retrofit,GHSA-8p8g-f9vg-r7xr,7158698314daa138e993fac6a590ed19d78a8599,b9a7f6ad72073ddd40254c0058710e87a073047d
4,dromara__hutool_CVE-2018-17297_4.1.11,CVE-2018-17297,CWE-022,Improper Limitation of a Pathname to a Restricted Directory ('Path Traversal'),dromara,hutool,4.1.11,https://github.com/dromara/hutool,GHSA-rhq2-2574-78mc,7687720c5125b29386d3bb9c7c2931da79664b73,8d7d0b7fb5ea4f7447b40131bffc1ec506a6528e
5,vert-x3__vertx-web_CVE-2018-12542_3.5.3.CR1,CVE-2018-12542,CWE-022,Improper Limitation of a Pathname to a Restricted Directory ('Path Traversal'),vert-x3,vertx-web,3.5.3.CR1,https://github.com/vert-x3/vertx-web,GHSA-h39x-m55c-v55h,3fe3873cc28b4d833c90f8989ff797a7b463da2c,57a65dce6f4c5aa5e3ce7288685e7f3447eb8f3b
6,apache__jspwiki_CVE-2019-0225_2.11.0.M2,CVE-2019-0225,CWE-022,Improper Limitation of a Pathname to a Restricted Directory ('Path Traversal'),apache,jspwiki,2.11.0.M2,https://github.com/apache/jspwiki,GHSA-pffw-p2q5-w6vh,d48bcef107a14dd07ecd830ab817b8df796082a4,88d89d6523802c044cfcb7930cba40d8eeb21da2
7,wildfly__wildfly_CVE-2018-1047_11.0.0.Final,CVE-2018-1047,CWE-022,Improper Limitation of a Pathname to a Restricted Directory ('Path Traversal'),wildfly,wildfly,11.0.0.Final,https://github.com/wildfly/wildfly,GHSA-fmr4-w67p-vh8x,4fd7bffaf2ee73201910684f2674aa1bced7fe81,735c77ce8b3bab6aa5072fb8575dc96db52d01ab;21c358acf0b06f38ec46034404c7a3d0bbbc132d;9ff55ed2da845a6f604b2edd1bc3bd311f1b776c
8,DSpace__DSpace_CVE-2016-10726_4.4,CVE-2016-10726,CWE-022,Improper Limitation of a Pathname to a Restricted Directory ('Path Traversal'),DSpace,DSpace,4.4,https://github.com/DSpace/DSpace,GHSA-4m9r-5gqp-7j82,ca4c86b1baa4e0b07975b1da86a34a6e7170b3b7,4239abd2dd2ae0dedd7edc95a5c9f264fdcf639d
9,apache__tika_CVE-2018-11762_1.18,CVE-2018-11762,CWE-022,Improper Limitation of a Pathname to a Restricted Directory ('Path Traversal'),apache,tika,1.18,https://github.com/apache/tika,GHSA-w6g3-v46q-5p28,38ff2a986af24ee255f1f91d654ea402f4016696,a09d853dbed712f644e274b497cce254f3189d57;5c78eb78893fa077a4e58be4484eab4717667d52
10,codehaus-plexus__plexus-archiver_CVE-2018-1002200_3.5,CVE-2018-1002200,CWE-022,Improper Limitation of a Pathname to a Restricted Directory ('Path Traversal'),codehaus-plexus,plexus-archiver,3.5,https://github.com/codehaus-plexus/plexus-archiver,GHSA-hcxq-x77q-3469,b9f9a425865eb47fb3665b3144ee4ca11f402704,f8f4233508193b70df33759ae9dc6154d69c2ea8
11,whitesource__curekit_CVE-2022-23082_1.1.3,CVE-2022-23082,CWE-022,Improper Limitation of a Pathname to a Restricted Directory ('Path Traversal'),whitesource,CureKit,1.1.3,https://github.com/whitesource/CureKit,GHSA-m9vj-44f3-78xw,7b275a67a5992165deb186b2b3f7764ddd062d26,af35e870ed09411d2f1fae6db1b04598cd1a31b6
12,zeroturnaround__zt-zip_CVE-2018-1002201_1.12,CVE-2018-1002201,CWE-022,Improper Limitation of a Pathname to a Restricted Directory ('Path Traversal'),zeroturnaround,zt-zip,1.12,https://github.com/zeroturnaround/zt-zip,GHSA-qcf3-9vmh-xw4r,bd3f3d77f3709f901fd5180a493ef32e4dfebfa6,759b72f33bc8f4d69f84f09fcb7f010ad45d6fff
13,jlangch__venice_CVE-2022-36007_1.10.16,CVE-2022-36007,CWE-022,Improper Limitation of a Pathname to a Restricted Directory ('Path Traversal'),jlangch,venice,1.10.16,https://github.com/jlangch/venice,GHSA-4mmh-5vw7-rgvj,9306c93686100a6bc52ad0c8cb617ed199b5f75c,215ae91bb964013b0a2d70718a692832d561ae0a;c942c73136333bc493050910f171a48e6f575b23
14,srikanth-lingala__zip4j_CVE-2018-1002202_1.3.2,CVE-2018-1002202,CWE-022,Improper Limitation of a Pathname to a Restricted Directory ('Path Traversal'),srikanth-lingala,zip4j,1.3.2,https://github.com/iris-sast/zip4j,GHSA-2rpm-4x8c-pvqg,d87ffa2d64ffb3a0a1cf0c7a69c7b19d7015bfde,59aeea594ff885e06c25751dc6334dfea1bed8c6
15,testng-team__testng_CVE-2022-4065_7.5,CVE-2022-4065,CWE-022,Improper Limitation of a Pathname to a Restricted Directory ('Path Traversal'),cbeust,testng,7.5,https://github.com/cbeust/testng,GHSA-rc2q-x9mf-w3vf,d8adcef70a9e0b8fcef5eab92ca87a8d398cfb89,9150736cd2c123a6a3b60e6193630859f9f0422b
16,asf__tapestry-5_CVE-2019-0207_5.4.4,CVE-2019-0207,CWE-022,Improper Limitation of a Pathname to a Restricted Directory ('Path Traversal'),apache,tapestry-5,5.4.4,https://github.com/apache/tapestry-5,GHSA-89r3-rcpj-h7w6,d29cc6778eb0c75e45139274005bba1c4f58907f,6dd7219fd4707467a36091e2f7f5f6460c619099
17,asf__commons-io_CVE-2021-29425_2.6,CVE-2021-29425,CWE-022,Improper Limitation of a Pathname to a Restricted Directory ('Path Traversal'),apache,commons-io,2.6,https://github.com/apache/commons-io,GHSA-gwrp-pvrq-jmwv,2ae025fe5c4a7d2046c53072b0898e37a079fe62,fe7543eee5cd4b2f9e78aa44c31031b68eba204d
18,diffplug__goomph_CVE-2022-26049_3.37.1,CVE-2022-26049,CWE-022,Improper Limitation of a Pathname to a Restricted Directory ('Path Traversal'),diffplug,goomph,3.37.1,https://github.com/diffplug/goomph,GHSA-p2f7-9cv7-jjf6,fe2083196f0d0a75885aea402baaa972254173d5,25f04f67ba62d9a14104bee13a0a0f2517afb8c8
19,ESAPI__esapi-java-legacy_CVE-2022-23457_2.2.3.1,CVE-2022-23457,CWE-022,Improper Limitation of a Pathname to a Restricted Directory ('Path Traversal'),ESAPI,esapi-java-legacy,2.2.3.1,https://github.com/ESAPI/esapi-java-legacy,GHSA-8m5h-hrqm-pxm2,2e8694c6beb3bdbb2645b882eba72ce41bc63242,a0d67b75593878b1b6e39e2acc1773b3effedb2a
20,alibaba__one-java-agent_CVE-2022-25842_0.0.1,CVE-2022-25842,CWE-022,Improper Limitation of a Pathname to a Restricted Directory ('Path Traversal'),alibaba,one-java-agent,0.0.1,https://github.com/alibaba/one-java-agent,GHSA-9hr3-j9mc-xmq2,b911af2bb779917c84a016350700745dc31c642a,359603b63fc6c59d8b57e061c171954bab3433bf;e0149bb36488fede2a12cb1ab3c2095e56dd7571
21,joniles__mpxj_CVE-2020-35460_8.3.4,CVE-2020-35460,CWE-022,Improper Limitation of a Pathname to a Restricted Directory ('Path Traversal'),joniles,mpxj,8.3.4,https://github.com/joniles/mpxj,GHSA-p9j6-4pjr-gp48,87ea0ba33e901b87c95a18e3703ac51b59e2ee04,8eaf4225048ea5ba7e59ef4556dab2098fcc4a1d
22,codehaus-plexus__plexus-utils_CVE-2022-4244_3.0.23,CVE-2022-4244,CWE-022,Improper Limitation of a Pathname to a Restricted Directory ('Path Traversal'),codehaus-plexus,plexus-utils,3.0.23,https://github.com/codehaus-plexus/plexus-utils,GHSA-g6ph-x5wf-g337,6176f91bb843eecddac857591ed20bda38e01470,33a2853df8185b4519b1b8bfae284f03392618ef
23,undertow-io__undertow_CVE-2014-7816_1.0.16.Final,CVE-2014-7816,CWE-022,Improper Limitation of a Pathname to a Restricted Directory ('Path Traversal'),undertow-io,undertow,1.0.16.Final,https://github.com/undertow-io/undertow,GHSA-h6p6-fc4w-cqhx,4aa98c80fa9962235c94f8666c30793d0018f95d,28f244e63f558ba99a197813cfd5eee461b52b4c
24,codehaus-plexus__plexus-archiver_CVE-2023-37460_4.7.1,CVE-2023-37460,CWE-022,Improper Limitation of a Pathname to a Restricted Directory ('Path Traversal'),codehaus-plexus,plexus-archiver,4.7.1,https://github.com/codehaus-plexus/plexus-archiver,GHSA-wh3p-fphp-9h2m,e7cbadba1b5c78192677da95b355dd790f3a4535,54759839fbdf85caf8442076f001d5fd64e0dcb2
25,jeremylong__DependencyCheck_CVE-2018-12036_3.1.2,CVE-2018-12036,CWE-022,Improper Limitation of a Pathname to a Restricted Directory ('Path Traversal'),jeremylong,DependencyCheck,3.1.2,https://github.com/jeremylong/DependencyCheck,GHSA-hcwx-7q5v-vc67,c3b5b3c0d7fe7283b4cd421149d6fb620476f67d,c106ca919aa343b95cca0ffff0a0b5dc20b2baf7
26,apache__rocketmq_CVE-2019-17572_4.6.0,CVE-2019-17572,CWE-022,Improper Limitation of a Pathname to a Restricted Directory ('Path Traversal'),apache,rocketmq,4.6.0,https://github.com/apache/rocketmq,GHSA-5x3v-2gxr-59m2,d1b4e47c26576cf4fa543bbdd8c6f09643220bed,f8f6fbe4aa7f5dee937e688322628c366b12a552
27,vert-x3__vertx-web_CVE-2019-17640_3.9.3,CVE-2019-17640,CWE-022,Improper Limitation of a Pathname to a Restricted Directory ('Path Traversal'),vert-x3,vertx-web,3.9.3,https://github.com/vert-x3/vertx-web,GHSA-vjw7-6gfq-6wf5,2146b7240096e25b40bb1acc083fa7ec79330989,b12f7c4c6576a8adc3f683b2899de4b0e7d099e4
28,apache__sling-org-apache-sling-servlets-resolver_CVE-2024-23673_2.10.0,CVE-2024-23673,CWE-022,Improper Limitation of a Pathname to a Restricted Directory ('Path Traversal'),apache,sling-org-apache-sling-servlets-resolver,2.10.0,https://github.com/apache/sling-org-apache-sling-servlets-resolver,GHSA-h2rq-qhr7-53gm,cb80c5e80144fcd9f6ac283ffb564f3b863cfbb2,b54d4e6693e0bcd63a97a0328f4f065b8a81b75e
29,x-stream__xstream_CVE-2013-7285_1.4.6,CVE-2013-7285,CWE-078,Improper Neutralization of Special Elements used in an OS Command ('OS Command Injection'),x-stream,xstream,1.4.6,https://github.com/x-stream/xstream,GHSA-f554-x222-wgf7,768c6e417a75e7732fc591bee844e5e81af56a7d,6344867dce6767af7d0fe34fb393271a6456672d
30,apache__myfaces_CVE-2011-4367_2.0.11,CVE-2011-4367,CWE-022,Improper Limitation of a Pathname to a Restricted Directory ('Path Traversal'),apache,myfaces,2.0.11,https://github.com/apache/myfaces,GHSA-gjfx-9wx3-j6r7,bedac49daffc3cb792fa19884620af01ab5a01ab,236cd211327c557825c7fce091bcc68f57a88e8e;99ef1250ca3e28213e85eac14817e1ff93fc9e6a;c07c3bf93ad0e0cf530ddece0642783f1553ad89;9e7e996a4ef83c4d8e673ee6e4431348e598e031;b9b2e00bb53d3eb435256c5a140b83f7d6251b55
31,spring-cloud__spring-cloud-config_CVE-2020-5405_2.1.6.RELEASE,CVE-2020-5405,CWE-022,Improper Limitation of a Pathname to a Restricted Directory ('Path Traversal'),spring-cloud,spring-cloud-config,2.1.6.RELEASE,https://github.com/spring-cloud/spring-cloud-config,GHSA-g86w-v5vg-9gxf,24e7292e5930367396461354d3f9d8ba8b94771c,651f458919c40ef9a5e93e7d76bf98575910fad0
32,spring-cloud__spring-cloud-config_CVE-2020-5410_2.1.8.RELEASE,CVE-2020-5410,CWE-022,Improper Limitation of a Pathname to a Restricted Directory ('Path Traversal'),spring-cloud,spring-cloud-config,2.1.8.RELEASE,https://github.com/spring-cloud/spring-cloud-config,GHSA-32xf-jwmv-9hf3,91843a9ddc7489275b679568bfce1e4c37af71e1,03eaadc25323d8c8c89f528e8585033ed90c50f6
33,x-stream__xstream_CVE-2021-21345_1.4.15,CVE-2021-21345,CWE-078,Improper Neutralization of Special Elements used in an OS Command ('OS Command Injection'),x-stream,xstream,1.4.15,https://github.com/x-stream/xstream,GHSA-hwpc-8xqv-jvj4,f04bbec461f2c2a6f1e2cf41770f42c64aae24a4,d5e51177634afea7213b9dc2d21f101d2e258db9
34,codehaus-plexus__plexus-utils_CVE-2017-1000487_3.0.15,CVE-2017-1000487,CWE-078,Improper Neutralization of Special Elements used in an OS Command ('OS Command Injection'),codehaus-plexus,plexus-utils,3.0.15,https://github.com/codehaus-plexus/plexus-utils,GHSA-8vhq-qq4p-grq3,3b271b43f9e5021b4232fc2ffdfb4e469c7f8685,b38a1b3a4352303e4312b2bb601a0d7ec6e28f41
35,asf__james-project_CVE-2022-22931_3.6.0,CVE-2022-22931,CWE-022,Improper Limitation of a Pathname to a Restricted Directory ('Path Traversal'),apache,james-project,3.6.0,https://github.com/apache/james-project,GHSA-v84g-cf5j-xjqx,34f9b0b52ab8c84378d3a34ac43a0fef5aa4e8fe,8f9512637d374ccdf84d61617a2878557bf07532
36,DSpace__DSpace_CVE-2022-31194_5.10,CVE-2022-31194,CWE-022,Improper Limitation of a Pathname to a Restricted Directory ('Path Traversal'),DSpace,DSpace,5.1,https://github.com/DSpace/DSpace,GHSA-qp5m-c3m9-8q2p,eca7968be7d6b9f8f5f302c9fc09f8186ed4809e,7569c6374aefeafb996e202cf8d631020eda5f24;d1dd7d23329ef055069759df15cfa200c8e3
37,DSpace__DSpace_CVE-2022-31195_5.10,CVE-2022-31195,CWE-022,Improper Limitation of a Pathname to a Restricted Directory ('Path Traversal'),DSpace,DSpace,5.1,https://github.com/DSpace/DSpace,GHSA-8rmh-55h4-93h5,eca7968be7d6b9f8f5f302c9fc09f8186ed4809e,56e76049185bbd87c994128a9d77735ad7af0199;7af52a0883a9dbc475cf3001f04ed11b24c8a4c0
38,xwiki__xwiki-commons_CVE-2022-24897_12.6.6,CVE-2022-24897,CWE-022,Improper Limitation of a Pathname to a Restricted Directory ('Path Traversal'),xwiki,xwiki-commons,12.6.6,https://github.com/xwiki/xwiki-commons,GHSA-cvx5-m8vg-vxgc,4f33e1efd74016fa9eb31b3c2fcd01bc6becd551,215951cfb0f808d0bf5b1097c9e7d1e503449ab8
39,apache__dolphinscheduler_CVE-2022-26884_2.0.5,CVE-2022-26884,CWE-022,Improper Limitation of a Pathname to a Restricted Directory ('Path Traversal'),apache,dolphinscheduler,2.0.5,https://github.com/apache/dolphinscheduler,GHSA-vpgf-fgm8-gxr2,f31328276c12821c21d1ce07e824bc74146c19b2,9717da6c255414eaef1c9ac943b0eb8989c1a85d
40,kubernetes-client__java_CVE-2020-8570_client-java-parent-9.0.1,CVE-2020-8570,CWE-022,Improper Limitation of a Pathname to a Restricted Directory ('Path Traversal'),kubernetes-client,java,client-java-parent-9.0.1,https://github.com/kubernetes-client/java,GHSA-cghx-9gcr-r42x,796c74f4244cacd90d99393640ccaad0c72f8893,858316ae8bc1145005a0310e1f65f95d2389a589
41,jenkinsci__git-client-plugin_CVE-2019-10392_2.8.4,CVE-2019-10392,CWE-078,Improper Neutralization of Special Elements used in an OS Command ('OS Command Injection'),jenkinsci,git-client-plugin,2.8.4,https://github.com/jenkinsci/git-client-plugin,GHSA-hw6x-2qwv-rxr7,72add81da4cbeabc95504ebdb9007d47ac1c2b0b,899123fa2eb9dd2c37137aae630c47c6be6b4b02
42,jenkinsci__perfecto-plugin_CVE-2020-2261_1.17,CVE-2020-2261,CWE-078,Improper Neutralization of Special Elements used in an OS Command ('OS Command Injection'),jenkinsci,perfecto-plugin,1.17,https://github.com/jenkinsci/perfecto-plugin,GHSA-jq84-6fmm-6qv6,adabcd9da98628e063bb91198e30ff39a34dc921,52c09ad2e26416211e4009b095c4f16508b27b8a
43,nahsra__antisamy_CVE-2017-14735_1.5.6,CVE-2017-14735,CWE-079,Improper Neutralization of Input During Web Page Generation ('Cross-site Scripting'),nahsra,antisamy,1.5.6,https://github.com/nahsra/antisamy,GHSA-q44v-xc3g-v7jq,1369d4c904e1f021d3616580daf9e1d8e43e0ddb,82da009e733a989a57190cd6aa1b6824724f6d36
44,nahsra__antisamy_CVE-2016-10006_1.5.3,CVE-2016-10006,CWE-079,Improper Neutralization of Input During Web Page Generation ('Cross-site Scripting'),nahsra,antisamy,1.5.3,https://github.com/nahsra/antisamy,GHSA-683w-6h9j-57wq,8bebe1eb2ec1ac23e34111e9d06024d7dab7fa25,90550e42b39972fce0db4bcab0e1ce4359b94661;7313931dc3c0d1377b010f07faef2063dd359a36;5f4982e95f1894669550bb3f6a639573dd4e3756;5a783b4116a21a12ab10f57cd1c88616902af633
45,jenkinsci__workflow-cps-global-lib-plugin_CVE-2022-25174_544.vff04fa68714d,CVE-2022-25174,CWE-078,Improper Neutralization of Special Elements used in an OS Command ('OS Command Injection'),jenkinsci,workflow-cps-global-lib-plugin,544.vff04fa68714d,https://github.com/jenkinsci/workflow-cps-global-lib-plugin,GHSA-g9fx-6j5c-grmw,ff04fa68714d2cc277e8a87512461bdf3a39e186,ace0de3c2d691662021ea10306eeb407da6b6365
46,jenkinsci__docker-commons-plugin_CVE-2022-20617_1.17,CVE-2022-20617,CWE-078,Improper Neutralization of Special Elements used in an OS Command ('OS Command Injection'),jenkinsci,docker-commons-plugin,1.17,https://github.com/jenkinsci/docker-commons-plugin,GHSA-jpxj-vgq5-prjc,2f0fda49452a7653c33de24220c908786f1aa405,c069b79c31c5aa80a01b0c462f0dc6b41751f059
47,jenkinsci__workflow-multibranch-plugin_CVE-2022-25175_706.vd43c65dec013,CVE-2022-25175,CWE-078,Improper Neutralization of Special Elements used in an OS Command ('OS Command Injection'),jenkinsci,workflow-multibranch-plugin,706.vd43c65dec013,https://github.com/jenkinsci/workflow-multibranch-plugin,GHSA-pj84-qjm3-77mg,d43c65dec013812b084fecbb4a310d856eb6b89a,71c3f0a6ccdb2ba43f43686826b0d62160df85e8
48,apache__shiro_CVE-2023-34478_1.11.0,CVE-2023-34478,CWE-022,Improper Limitation of a Pathname to a Restricted Directory ('Path Traversal'),apache,shiro,1.11.0,https://github.com/apache/shiro,GHSA-pmhc-2g4f-85cg,adb56c885210eeca710b2df17f6b3aeda85e4f35,c3ede3f94efb442acb0795714a022c2c121d1da0
49,apache__mina-sshd_CVE-2023-35887_2.9.2,CVE-2023-35887,CWE-022,Improper Limitation of a Pathname to a Restricted Directory ('Path Traversal'),apache,mina-sshd,2.9.2,https://github.com/apache/mina-sshd,GHSA-mjmq-gwgm-5qhm,fbbbb7b6af7fdf1765f297a96dfec3f198f5fd7d,10de190e7d3f9189deb76b8d08c72334a1fe2df0;a61e93035f06bff8fc622ad94870fb773d48b9f0;c20739b43aab0f7bf2ccad982a6cb37b9d5a8a0b
50,OWASP__json-sanitizer_CVE-2020-13973_1.2.0,CVE-2020-13973,CWE-079,Improper Neutralization of Input During Web Page Generation ('Cross-site Scripting'),OWASP,json-sanitizer,1.2.0,https://github.com/OWASP/json-sanitizer,GHSA-g8jj-899q-8x3j,bb41f80ad575cb90ea6535976d7c17accb4b4c87,f3512bab078af3f5c533dacc2d410add8c0c1124
51,apache__shiro_CVE-2023-46749_1.12.0,CVE-2023-46749,CWE-022,Improper Limitation of a Pathname to a Restricted Directory ('Path Traversal'),apache,shiro,1.12.0,https://github.com/apache/shiro,GHSA-jc7h-c423-mpjc,c8a294ab32b29a6e9d4b03bbaa6bae11c42daea1,8400d08d5eac0bc4fae99d28c5adc82dd8a86eda
52,x-stream__xstream_CVE-2020-26217_1.4.14-java7,CVE-2020-26217,CWE-078,Improper Neutralization of Special Elements used in an OS Command ('OS Command Injection'),x-stream,xstream,1.4.14-java7,https://github.com/x-stream/xstream,GHSA-mw36-7c6c-q4q2,d03f6987b793fac71ab89a31d7aa633c366c5289,0fec095d534126931c99fd38e9c6d41f5c685c1a
53,ESAPI__esapi-java-legacy_CVE-2022-24891_2.2.3.1,CVE-2022-24891,CWE-079,Improper Neutralization of Input During Web Page Generation ('Cross-site Scripting'),ESAPI,esapi-java-legacy,2.2.3.1,https://github.com/ESAPI/esapi-java-legacy,GHSA-q77q-vx4q-xx6q,2e8694c6beb3bdbb2645b882eba72ce41bc63242,096aa60d6441fce4c632b36b36fdf5f53799c29a
54,nahsra__antisamy_CVE-2022-29577_1.6.6.1,CVE-2022-29577,CWE-079,Improper Neutralization of Input During Web Page Generation ('Cross-site Scripting'),nahsra,antisamy,1.6.6.1,https://github.com/nahsra/antisamy,GHSA-vp37-2f9p-3vr3,b6e76de85a07549f2c97941437dd73430d7287a8,32e273507da0e964b58c50fd8a4c94c9d9363af0
55,nahsra__antisamy_CVE-2022-28367_1.6.5,CVE-2022-28367,CWE-079,Improper Neutralization of Input During Web Page Generation ('Cross-site Scripting'),nahsra,antisamy,1.6.5,https://github.com/nahsra/antisamy,GHSA-3pqg-4rqg-pg9g,b7c151112dd19928e700ee48639942fd1079d1e3,0199e7e194dba5e7d7197703f43ebe22401e61ae
56,xuxueli__xxl-job_CVE-2020-29204_2.2.0,CVE-2020-29204,CWE-079,Improper Neutralization of Input During Web Page Generation ('Cross-site Scripting'),xuxueli,xxl-job,2.2.0,https://github.com/xuxueli/xxl-job,GHSA-wc73-w5r9-x9pc,1874c4854f81d6af4a9471d3fe111cdbf713f336,227628567354d3c156951009d683c6fec3006e0e
57,jenkinsci__script-security-plugin_CVE-2023-24422_1228.vd93135a_2fb_25,CVE-2023-24422,CWE-078,Improper Neutralization of Special Elements used in an OS Command ('OS Command Injection'),jenkinsci,script-security-plugin,1228.vd93135a_2fb_25,https://github.com/jenkinsci/script-security-plugin,GHSA-76qj-9gwh-pvv3,d93135a2fb250c04cc361b0bb1efd809bc63ad08,4880bbe905a6783d80150c8b881d0127430d4a73
58,apache__sling-org-apache-sling-xss_CVE-2016-5394_1.0.8,CVE-2016-5394,CWE-079,Improper Neutralization of Input During Web Page Generation ('Cross-site Scripting'),apache,sling-org-apache-sling-xss,1.0.8,https://github.com/apache/sling-org-apache-sling-xss,GHSA-xwf4-88xr-hx2j,e23ca68878dd6504066015601b6b76e8fe19b752,de32b144ad2be3367559f6184d560db42a220529
59,rhuss__jolokia_CVE-2018-1000129_1.4.0,CVE-2018-1000129,CWE-079,Improper Neutralization of Input During Web Page Generation ('Cross-site Scripting'),rhuss,jolokia,1.4.0,https://github.com/rhuss/jolokia,GHSA-hfpg-gqjw-779m,10727cab59a8fc2ae053bec6b2f26f48f1c4245c,5895d5c137c335e6b473e9dcb9baf748851bbc5f
60,yamcs__yamcs_CVE-2023-45278_5.8.6,CVE-2023-45278,CWE-022,Improper Limitation of a Pathname to a Restricted Directory ('Path Traversal'),yamcs,yamcs,5.8.6,https://github.com/yamcs/yamcs,GHSA-43fw-536j-w37j,9443a67d2aeda20fb73f68c5d571b515d68c05e4,b6db35e432e62fdff0447cf513369f0b8a848abf
61,yamcs__yamcs_CVE-2023-45277_5.8.6,CVE-2023-45277,CWE-022,Improper Limitation of a Pathname to a Restricted Directory ('Path Traversal'),yamcs,yamcs,5.8.6,https://github.com/yamcs/yamcs,GHSA-w4m2-qmh3-2g8f,9443a67d2aeda20fb73f68c5d571b515d68c05e4,b6db35e432e62fdff0447cf513369f0b8a848abf
62,jenkinsci__workflow-cps-plugin_CVE-2022-25173_2646.v6ed3b5b01ff1,CVE-2022-25173,CWE-078,Improper Neutralization of Special Elements used in an OS Command ('OS Command Injection'),jenkinsci,workflow-cps-plugin,2646.v6ed3b5b01ff1,https://github.com/jenkinsci/workflow-cps-plugin,GHSA-4m7p-55jm-3vwv,6ed3b5b01ff16dc4f6f9f4b209dbc21394b13913,f7ae7b75a457976853539bff1db52373b85fdb85
63,alibaba__nacos_CVE-2021-44667_2.0.3,CVE-2021-44667,CWE-079,Improper Neutralization of Input During Web Page Generation ('Cross-site Scripting'),alibaba,nacos,2.0.3,https://github.com/alibaba/nacos,GHSA-4gr7-qw2q-jxh6,5a4d433970be9b8402f57e65bffa497027f21e30,cd6d7e33b94f24814701f3faf8b632e5e85444c5
64,apache__uima-uimaj_CVE-2022-32287_3.3.0,CVE-2022-32287,CWE-022,Improper Limitation of a Pathname to a Restricted Directory ('Path Traversal'),apache,uima-uimaj,3.3.0,https://github.com/apache/uima-uimaj,GHSA-xgqr-5wqw-9fpv,f1f557a415ae38e383bf050587a510211515c21d,1088f615154b385dd163965b8d2ef78e87111ab1
65,apache__jspwiki_CVE-2019-10077_2.11.0.M3,CVE-2019-10077,CWE-079,Improper Neutralization of Input During Web Page Generation ('Cross-site Scripting'),apache,jspwiki,2.11.0.M3,https://github.com/apache/jspwiki,GHSA-cj6j-32rg-45r2,2ea7973c1c7fdf2771a9743dbc8ecb27c9bb162d,87c89f0405d6b31fc165358ce5d5bc4536e32a8a
66,apache__jspwiki_CVE-2019-10078_2.11.0.M3,CVE-2019-10078,CWE-079,Improper Neutralization of Input During Web Page Generation ('Cross-site Scripting'),apache,jspwiki,2.11.0.M3,https://github.com/apache/jspwiki,GHSA-hp5r-mhgp-56c9,2ea7973c1c7fdf2771a9743dbc8ecb27c9bb162d,46cd981dfb431730da3f9249f5db858aacf11e52
67,apache__jspwiki_CVE-2019-10076_2.11.0.M3,CVE-2019-10076,CWE-079,Improper Neutralization of Input During Web Page Generation ('Cross-site Scripting'),apache,jspwiki,2.11.0.M3,https://github.com/apache/jspwiki,GHSA-cxx2-fp39-rf3r,2ea7973c1c7fdf2771a9743dbc8ecb27c9bb162d,60a9cb84ce36a0392fa5a01afcf28c11857c2f9e
68,apache__jspwiki_CVE-2019-10089_2.11.0.M4,CVE-2019-10089,CWE-079,Improper Neutralization of Input During Web Page Generation ('Cross-site Scripting'),apache,jspwiki,2.11.0.M4,https://github.com/apache/jspwiki,GHSA-3rx2-x6mx-grj3,6e1dc66adf3faa22e7f1f60189611a3d8ddb0726,2956ccb307dd4b23b25c8ddeae8d7e7b301c6ff3
69,DSpace__DSpace_CVE-2022-31192_5.10,CVE-2022-31192,CWE-079,Improper Neutralization of Input During Web Page Generation ('Cross-site Scripting'),DSpace,DSpace,5.1,https://github.com/DSpace/DSpace,GHSA-4wm8-c2vv-xrpq,eca7968be7d6b9f8f5f302c9fc09f8186ed4809e,28eb8158210d41168a62ed5f9e044f754513bc37;f7758457b7ec3489d525e39aa753cc70809d9ad9
70,jmrozanec__cron-utils_CVE-2021-41269_9.1.5,CVE-2021-41269,CWE-094,Improper Control of Generation of Code ('Code Injection'),jmrozanec,cron-utils,9.1.5,https://github.com/jmrozanec/cron-utils,GHSA-p9m8-27x8-rg87,34493c66edb490396202edad66c5f8cc5717d494,cfd2880f80e62ea74b92fa83474c2aabdb9899da;d6707503ec2f20947f79e38f861dba93b39df9da
71,jstachio__jstachio_CVE-2023-33962_1.0.0,CVE-2023-33962,CWE-079,Improper Neutralization of Input During Web Page Generation ('Cross-site Scripting'),jstachio,jstachio,1.0.0,https://github.com/jstachio/jstachio,GHSA-gwxv-jv83-6qjr,9ce20009d6bf726086fc528fceb174933077bff4,7b2f78377d1284df14c580be762a25af5f8dcd66
72,hibernate__hibernate-validator_CVE-2019-10219_6.0.17.Final,CVE-2019-10219,CWE-079,Improper Neutralization of Input During Web Page Generation ('Cross-site Scripting'),hibernate,hibernate-validator,6.0.17.Final,https://github.com/hibernate/hibernate-validator,GHSA-m8p2-495h-ccmh,7694cff9ed6325006382390c9bb2d8e4f3efedb6,124b7dd6d9a4ad24d4d49f74701f05a13e56ceee;20d729548511ac5cff6fd459f93de137195420fe
73,spring-projects__spring-framework_CVE-2022-22965_5.2.19.RELEASE,CVE-2022-22965,CWE-094,Improper Control of Generation of Code ('Code Injection'),spring-projects,spring-framework,5.2.19.RELEASE,https://github.com/spring-projects/spring-framework,GHSA-36p3-wjmg-h94x,925b07826067d57a8a057837a1b5973cb6fad186,002546b3e4b8d791ea6acccb81eb3168f51abb15
74,apache__jspwiki_CVE-2022-46907_2.11.3,CVE-2022-46907,CWE-079,Improper Neutralization of Input During Web Page Generation ('Cross-site Scripting'),apache,jspwiki,2.11.3,https://github.com/apache/jspwiki,GHSA-qvq8-cw7f-m7m4,515dff39c66c43318056fa76a20117662d2a0e8d,0b9a0149032170063f22d65e335dfd317db815ea;46e1ef7a595ca5cabf5ef184139910413f2024fc;484c6a133e397693991b7c9a9b62ef3ca48ce707;75019d337f1d0033b1f65428e75f43baeffd99dd;82be08904a6d8bd22fa2d4e5a7e85f43408724d3;9d6dbf911d52d724297e4e46c4b80649fb028ff9;df20770f251a8d7431047e556b144ef24ee6a3a7
75,xwiki__xwiki-rendering_CVE-2023-32070_14.6,CVE-2023-32070,CWE-083, Improper Neutralization of Script in Attributes in a Web Page,xwiki,xwiki-rendering,14.6,https://github.com/xwiki/xwiki-rendering,GHSA-6gf5-c898-7rxp,48b2970c152accd0d9dbc461a2f04bb36686491e,c40e2f5f9482ec6c3e71dbf1fff5ba8a5e44cdc1
76,keycloak__keycloak_CVE-2014-3656_1.0.5.Final,CVE-2014-3656,CWE-079,Improper Neutralization of Input During Web Page Generation ('Cross-site Scripting'),keycloak,keycloak,1.0.5.Final,https://github.com/keycloak/keycloak,GHSA-px42-mr8m-cpgh,3b071b83aa0444749eba851fdbe0f2ed47932410,63b41e2548cbc20bd3758e34a82d880e177bf24c
77,xwiki__xwiki-commons_CVE-2023-29201_14.6,CVE-2023-29201,CWE-079,Improper Neutralization of Input During Web Page Generation ('Cross-site Scripting'),xwiki,xwiki-commons,14.6,https://github.com/xwiki/xwiki-commons,GHSA-m3jr-cvhj-f35j,5d9632d9471f315052c76d7699a17414524ea093,4a185e0594d90cd4916d60aa60bb4333dc5623b2
78,xwiki__xwiki-commons_CVE-2023-29528_14.9-rc-1,CVE-2023-29528,CWE-079,Improper Neutralization of Input During Web Page Generation ('Cross-site Scripting'),xwiki,xwiki-commons,14.9-rc-1,https://github.com/xwiki/xwiki-commons,GHSA-x37v-36wv-6v6h,7796f76096a3e94b7a0a96bf12b3b026922e3573,8ff1a9d7e5d7b45b690134a537d53dc05cae04ab
79,xwiki__xwiki-commons_CVE-2023-31126_14.10.3,CVE-2023-31126,CWE-079,Improper Neutralization of Input During Web Page Generation ('Cross-site Scripting'),xwiki,xwiki-commons,14.10.3,https://github.com/xwiki/xwiki-commons,GHSA-pv7v-ph6g-3gxv,011dee864805aec0b24151f69f230a42e40087da,0b8e9c45b7e7457043938f35265b2aa5adc76a68
80,xwiki__xwiki-commons_CVE-2023-36471_14.10.5,CVE-2023-36471,CWE-079,Improper Neutralization of Input During Web Page Generation ('Cross-site Scripting'),xwiki,xwiki-commons,14.10.5,https://github.com/xwiki/xwiki-commons,GHSA-6pqf-c99p-758v,8dfb9fcb4f456c70f82ea670ca0e2f3dee373ee4,99484d48e899a68a1b6e33d457825b776c6fe8c3
81,asf__commons-text_CVE-2022-42889_1.9,CVE-2022-42889,CWE-094,Improper Control of Generation of Code ('Code Injection'),apache,commons-text,1.9,https://github.com/apache/commons-text,GHSA-599f-7c49-w659,cb85bed468e99d34b88d0c81fe20eb3b1615660e,b9b40b903e2d1f9935039803c9852439576780ea
82,spring-projects__spring-security_CVE-2011-2732_2.0.6.RELEASE,CVE-2011-2732,CWE-094,Improper Control of Generation of Code ('Code Injection'),spring-projects,spring-security,2.0.6.RELEASE,https://github.com/spring-projects/spring-security,GHSA-5xm9-rf63-wj7h,beb0ec4ba95265a7e3481b3eb8d87f3b922733ae,a087e828a63edf0932e4eecf174cf816cbe6a58a;5238ba0e2615ef733a906b264c6c06a4446a886b
83,apache__activemq_CVE-2014-3576_5.10.2,CVE-2014-3576,CWE-264,"Permissions, Privileges, and Access Controls",apache,activemq,5.10.2,https://github.com/apache/activemq,,4ba1a1689f33d81bd2349a2bb8c66f0c95b04d1d,00921f22ff9a8792d7663ef8fadd4823402a6324
84,xwiki__xwiki-rendering_CVE-2023-37908_14.10.3,CVE-2023-37908,CWE-079,Improper Neutralization of Input During Web Page Generation ('Cross-site Scripting'),xwiki,xwiki-rendering,14.10.3,https://github.com/xwiki/xwiki-rendering,GHSA-663w-2xp3-5739,0b0286c4caeab4cc1fdd617ec5bf0a91e6f46762,f4d5acac451dccaf276e69f0b49b72221eef5d2f
85,apache__struts_CVE-2020-17530_2.5.25,CVE-2020-17530,CWE-094,Improper Control of Generation of Code ('Code Injection'),apache,struts,2.5.25,https://github.com/apache/struts,GHSA-jc35-q369-45pv,b3a9d82d5830ef9cd7811cfa3f86a373ae52fada,45667346629455f7ea125bff36bf9b763b7e8463
86,xerial__sqlite-jdbc_CVE-2023-32697_3.41.2.1,CVE-2023-32697,CWE-094,Improper Control of Generation of Code ('Code Injection'),xerial,sqlite-jdbc,3.41.2.1,https://github.com/xerial/sqlite-jdbc,GHSA-6phf-6h5g-97j2,a3322b2ae802b28624bcd4e2e20c55558e46cf99,edb4b8adc2447bc04e05b9b908195a4bc7926242
87,apache__rocketmq_CVE-2023-37582_4.9.6,CVE-2023-37582,CWE-094,Improper Control of Generation of Code ('Code Injection'),apache,rocketmq,4.9.6,https://github.com/apache/rocketmq,GHSA-gpq8-963w-8qc9,db4ba459bec9392ac37647ff1a4d24d30466814d,fb1c67d536c95ec7bd5904e61b9d97c4c2ee5a3d
88,ff4j__ff4j_CVE-2022-44262_1.8.13,CVE-2022-44262,CWE-094,Improper Control of Generation of Code ('Code Injection'),ff4j,ff4j,1.8.13,https://github.com/ff4j/ff4j,GHSA-65hj-9ppw-77xc,7c34409d320ed1c917c4ec4ac72a99661c4e446f,62d03140f3bfbd380d0f4b4e5a94dcb8baa9d9c6
89,SpringSource__spring-security-oauth_CVE-2018-1260_2.3.2.RELEASE,CVE-2018-1260,CWE-094,Improper Control of Generation of Code ('Code Injection'),spring-attic,spring-security-oauth,2.3.2.RELEASE,https://github.com/spring-attic/spring-security-oauth,GHSA-rrpm-pj7p-7j9q,97e39dde7e88aae802be98de084a382886ca4255,70e5ba84ca98b7ab42c1900bdd9fa51b393d611f
90,apache__activemq_CVE-2019-0222_5.15.8,CVE-2019-0222,CWE-094,Improper Control of Generation of Code ('Code Injection'),apache,activemq,5.15.8,https://github.com/apache/activemq,GHSA-jpv3-g4cc-6vfx,bcad7e1f6a6dd078d87787a03b56560e995ef773,98b9f2e2839da6ccff53260571b0e3a43aeb4285;f78c0962ffb46fae3397eed6b7ec1e6e15045031
91,apache__rocketmq_CVE-2023-33246_5.1.0,CVE-2023-33246,CWE-094,Improper Control of Generation of Code ('Code Injection'),apache,rocketmq,5.1.0,https://github.com/apache/rocketmq,GHSA-x3cq-8f32-5f63,b8e9334d2a1ed8868a3b15b63b8ef3198fcb81ce,9d411cf04a695e7a3f41036e8377b0aa544d754d;c3ada731405c5990c36bf58d50b3e61965300703
92,apache__activemq_CVE-2020-11998_5.15.12,CVE-2020-11998,CWE-094,Improper Control of Generation of Code ('Code Injection'),apache,activemq,5.15.12,https://github.com/apache/activemq,GHSA-wqfh-9m4g-7x6x,cebbd7fdea0633e6a0cbbef427f9b753949fa531,0d6e5f240ef34bae2e4089102047593bef628e6c;88b78d04efb41fa26b5156ad7120b1070f0d88bf;aa8900ca70e6f9422490c1a03627400375d3ff83
93,spring-cloud__spring-cloud-gateway_CVE-2022-22947_3.0.6,CVE-2022-22947,CWE-094,Improper Control of Generation of Code ('Code Injection'),spring-cloud,spring-cloud-gateway,3.0.6,https://github.com/spring-cloud/spring-cloud-gateway,GHSA-3gx9-37ww-9qw6,da0f9014bcc9131d8f15141be74011b89a01420f,1b868d2159e8fb71c22d583e424ae699f90532e3
94,hapifhir__org.hl7.fhir.core_CVE-2023-24057_5.6.91,CVE-2023-24057,CWE-022,Improper Limitation of a Pathname to a Restricted Directory ('Path Traversal'),hapifhir,org.hl7.fhir.core,5.6.91,https://github.com/hapifhir/org.hl7.fhir.core,GHSA-jqh6-9574-5x22,7b22d0355b1b12448e50b9cbfe2a8ae63f2ee828,b50aec59124416b7315a49220cfc3999223414cc
95,eclipse-ee4j__glassfish_CVE-2022-2712_6.2.5,CVE-2022-2712,CWE-022,Improper Limitation of a Pathname to a Restricted Directory ('Path Traversal'),eclipse-ee4j,glassfish,6.2.5,https://github.com/eclipse-ee4j/glassfish,GHSA-3g5w-6pw7-6hrp,0159b68b362c7f4be78d1fa75aeaf2ec0b997f1d,6982a7ca7e7fb9f02276dc12ab61832daf4002bd
96,eclipse__hawkbit_CVE-2020-27219_0.3.0M6,CVE-2020-27219,CWE-079,Improper Neutralization of Input During Web Page Generation ('Cross-site Scripting'),eclipse,hawkbit,0.3.0M6,https://github.com/eclipse/hawkbit,GHSA-rcvx-rmvf-mxch,f3659f01425ad0162f92fa73357f8c507058bcb2,94b7c12cde1b38eda5414bd88d6d068008cfb9f9
97,hapifhir__org.hl7.fhir.core_CVE-2023-28465_5.6.105,CVE-2023-28465,CWE-022,Improper Limitation of a Pathname to a Restricted Directory ('Path Traversal'),hapifhir,org.hl7.fhir.core,5.6.105,https://github.com/hapifhir/org.hl7.fhir.core,GHSA-9654-pr4f-gh6m,0b8e2c39841b51def04e29d3b745602517602d5b,909f7e64fea6532a00b3eb8904bf620fc3cae6d1
98,asf__karaf_CVE-2022-22932_4.3.5,CVE-2022-22932,CWE-022,Improper Limitation of a Pathname to a Restricted Directory ('Path Traversal'),apache,karaf,4.3.5,https://github.com/apache/karaf,GHSA-544x-2jx9-4pfg,d0439e5b0dde1c7e3ff0207c557aa701093acd25,36a2bc430cc773db1cfd0b32e307d9da2d1697f7
99,keycloak__keycloak_CVE-2022-3782_20.0.1,CVE-2022-3782,CWE-022,Improper Limitation of a Pathname to a Restricted Directory ('Path Traversal'),keycloak,keycloak,20.0.1,https://github.com/keycloak/keycloak,GHSA-g8q8-fggx-9r3q,cce8ee2b1ab7c925bfbb62d8f12a33e93d943040,da8d61616399d5c4e4c470c16dd6b0bd98f2b656
100,apache__incubator-dubbo_CVE-2021-30181_2.6.8,CVE-2021-30181,CWE-094,Improper Control of Generation of Code ('Code Injection'),apache,dubbo,2.6.8,https://github.com/apache/dubbo,GHSA-qmfc-6www-fjqw,5a6a069986f3627f2d50720c50024df31a3dc38a,9b7575aa1c949959c86d29c47625575b58a9dfa9
101,aws__aws-sdk-java_CVE-2022-31159_1.12.260,CVE-2022-31159,CWE-022,Improper Limitation of a Pathname to a Restricted Directory ('Path Traversal'),aws,aws-sdk-java,1.12.260,https://github.com/aws/aws-sdk-java,GHSA-c28r-hw5m-5gv3,5555d847a882d4c3094b00ac7cec21a16cf01a3e,cb66c50c885566d9a7fce837a68dc48ddced8a9a
102,asf__cxf_CVE-2016-6812_3.0.11,CVE-2016-6812,CWE-079,Improper Neutralization of Input During Web Page Generation ('Cross-site Scripting'),apache,cxf,3.0.11,https://github.com/apache/cxf,GHSA-vw2c-5wph-v92r,6c7df35913ce3fc6ec8f5dc6c6074b187f751aa6,1be97cb13aef121b799b1be4d9793c0e8b925a12;1f824d8039c7a42a4aa46f844e6c800e1143c7e7;32e89366e2daa5670ac7a5c5c19f0bf9329a4c1e;a30397b0
103,keycloak__keycloak_CVE-2022-1274_20.0.4,CVE-2022-1274,CWE-079,Improper Neutralization of Input During Web Page Generation ('Cross-site Scripting'),keycloak,keycloak,20.0.4,https://github.com/keycloak/keycloak,GHSA-m4fv-gm5m-4725,4d0629dcf424d805857bec33214e8eb3c0cb781b,fc3c61235fa30132123c17ed8702ff7b3a672fe9
104,keycloak__keycloak_CVE-2022-4137_20.0.4,CVE-2022-4137,CWE-116,Improper Encoding or Escaping of Output,keycloak,keycloak,20.0.4,https://github.com/keycloak/keycloak,GHSA-9hhc-pj4w-w5rv,,
105,asf__cxf_CVE-2019-17573_3.2.11,CVE-2019-17573,CWE-079,Improper Neutralization of Input During Web Page Generation ('Cross-site Scripting'),apache,cxf,3.2.11,https://github.com/apache/cxf,GHSA-f93p-f762-vr53,da2d27d97f9e9abd7d307e2224e5e0338b767ee2,a02e96ba1095596bef481919f16a90c5e80a92c8
106,Graylog2__graylog2-server_CVE-2023-41044_5.1.2,CVE-2023-41044,CWE-022,Improper Limitation of a Pathname to a Restricted Directory ('Path Traversal'),Graylog2,graylog2-server,5.1.2,https://github.com/Graylog2/graylog2-server,GHSA-2q4p-f6gf-mqr5,d970230b6f3ecb83e07dd43df56428d1421c40e9,02b8792e6f4b829f0c1d87fcbf2d58b73458b938
107,apache__dubbo_CVE-2021-30180_2.7.9,CVE-2021-30180,CWE-094,Improper Control of Generation of Code ('Code Injection'),apache,dubbo,2.7.9,https://github.com/apache/dubbo,GHSA-7wfc-x4f7-gg2x,f0483b80a32e813a4393879744e30d0084c3eafd,041f8bb0a98a912bd363560d5a2339198dcf79a5
108,codecentric__spring-boot-admin_CVE-2022-46166_2.6.9,CVE-2022-46166,CWE-094,Improper Control of Generation of Code ('Code Injection'),codecentric,spring-boot-admin,2.6.9,https://github.com/codecentric/spring-boot-admin,GHSA-w3x5-427h-wfq6,650db9e89d80f54b41ebd18f8c27389e8741516d,c14c3ec12533f71f84de9ce3ce5ceb7991975f75
109,payara__Payara_CVE-2022-37422_5.2022.2,CVE-2022-37422,CWE-022,Improper Limitation of a Pathname to a Restricted Directory ('Path Traversal'),payara,Payara,5.2022.2,https://github.com/payara/Payara,GHSA-h28c-453m-h9xm,7680990e55c04d628f16a591f950a2b3a4dcb401,6490d4918c65ba6df8344424cb9b8ab583d90b1a
110,fabric8io__kubernetes-client_CVE-2021-4178_5.0.2,CVE-2021-4178,CWE-094,Improper Control of Generation of Code ('Code Injection'),fabric8io,kubernetes-client,5.0.2,https://github.com/fabric8io/kubernetes-client,GHSA-98g7-rxmf-rrxm,1d1b3d404836871c4d0fc0a35dafe5d40369b519,445103004d1ed3153d5abb272473451d05891e39
111,apache__dolphinscheduler_CVE-2023-49109_3.2.0,CVE-2023-49109,CWE-094,Improper Control of Generation of Code ('Code Injection'),apache,dolphinscheduler,3.2.0,https://github.com/apache/dolphinscheduler,GHSA-qwxx-xww6-8q8m,f64b254809f21f811eaef780d489a43b490ca327,8c01fcf14b199e2c1ba86c17351e1ea30614f484
112,apache__dolphinscheduler_CVE-2023-51770_3.2.0,CVE-2023-51770,CWE-094,Improper Control of Generation of Code ('Code Injection'),apache,dolphinscheduler,3.2.0,https://github.com/apache/dolphinscheduler,GHSA-ff2w-wm48-jhqj,f64b254809f21f811eaef780d489a43b490ca327,309c8c97a9b9003244496dedc7861a5026f9441a
113,keycloak__keycloak_CVE-2022-4361_21.1.1,CVE-2022-4361,CWE-079,Improper Neutralization of Input During Web Page Generation ('Cross-site Scripting'),keycloak,keycloak,21.1.1,https://github.com/keycloak/keycloak,GHSA-3p62-6fjh-3p5h,0ca0a5fa4459d97c4d769fec15b4ba99c3824314,a1cfe6e24e5b34792699a00b8b4a8016a5929e3a
114,apache__flink_CVE-2020-17519_1.11.2,CVE-2020-17519,CWE-022,Improper Limitation of a Pathname to a Restricted Directory ('Path Traversal'),apache,flink,1.11.2,https://github.com/apache/flink,GHSA-395w-qhqr-9fr6,fe3613574f76201a8d55d572a639a4ce7e18a9db,b561010b0ee741543c3953306037f00d7a9f0801
115,apache__camel_CVE-2019-0194_2.21.4,CVE-2019-0194,CWE-022,Improper Limitation of a Pathname to a Restricted Directory ('Path Traversal'),apache,camel,2.21.4,https://github.com/apache/camel,GHSA-4wjq-69rc-8wcp,757bc836d1d9ed11d11de73c5dc72fc53617d6a0,5b64969d37cf2906efd4623cfd473041ce5132fd
116,asf__nifi_CVE-2023-34468_1.21.0,CVE-2023-34468,CWE-094,Improper Control of Generation of Code ('Code Injection'),apache,nifi,1.21.0,https://github.com/apache/nifi,GHSA-xm2m-2q6h-22jw,892f822107da84ca0dcfefdb5c91c5bc11dc3dc1,4faf3ea59895e7e153db3f8f61147ff70a254361
117,asf__nifi_CVE-2023-36542_1.22.0,CVE-2023-36542,CWE-094,Improper Control of Generation of Code ('Code Injection'),apache,nifi,1.22.0,https://github.com/apache/nifi,GHSA-r969-8v3h-23v9,71e3ea9f2c58d0cf2ce6824c388f2bd3e917dfc8,532578799c0a4cb1edc54dadda81aa60787e54b0
118,apache__nifi_CVE-2022-33140_1.16.2,CVE-2022-33140,CWE-078,Improper Neutralization of Special Elements used in an OS Command ('OS Command Injection'),apache,nifi,1.16.2,https://github.com/apache/nifi,GHSA-77hf-23pq-2g7c,06f04958272dafc30ce357c4c4edcaf470050b52,a1306a19f78e11c2d809e9aef24336669461403a
119,apache__dolphinscheduler_CVE-2022-34662_2.0.9,CVE-2022-34662,CWE-022,Improper Limitation of a Pathname to a Restricted Directory ('Path Traversal'),apache,dolphinscheduler,2.0.9,https://github.com/apache/dolphinscheduler,GHSA-fp35-xrrr-3gph,23302054559410093573fb169336bafeb02db97f,63f835715f8ca8bff79c0e7177ebfa5917ebb3bd
120,apache__camel_CVE-2018-8041_2.20.3,CVE-2018-8041,CWE-022,Improper Limitation of a Pathname to a Restricted Directory ('Path Traversal'),apache,camel,2.20.3,https://github.com/apache/camel,GHSA-jv74-f9pj-xp3f,32bfda73ddd1ea8576bcb53dac496af9e0825f1a,4580e4d6c65cfd544c1791c824b5819477c583cc;4f401c09d22c45c94fa97746dc31905e06b19e3;63c7c080de4d18f9ceb25843508710df2c2c6d4;a0d25d9582c6ee85e9567fa39413df0b4f02ef7
121,jeecgboot__jeecgboot_CVE-2022-45206_3.4.3,CVE-2022-45206,CWE-089,Improper Neutralization of Special Elements used in an SQL Command ('SQL Injection'),jeecgboot,jeecgboot,3.4.3,https://github.com/jeecgboot/JeecgBoot,GHSA-g5cj-5h58-j93w,d34614c4224ec1af69d0d81329d84fe98e11f694,f18ced524c9ec13e876bfb74785a1b112cc8b6bb
122,folio-org__spring-module-core_CVE-2022-4963_2.0.0,CVE-2022-4963,CWE-089,Improper Neutralization of Special Elements used in an SQL Command ('SQL Injection'),folio-org,spring-module-core,2.0.0,https://github.com/folio-org/spring-module-core,GHSA-4h5h-p23f-hjqf,e93b5ddd3022b81abf8ae81da8d3a740186f456e,d374a5f77e6b58e36f0e0e4419be18b95edcd7ff
123,apache__kylin_CVE-2024-48944_5.0.0,CVE-2024-48944,CWE-918,CWE-918: Server-Side Request Forgery (SSRF),apache,kylin,5.0.0,https://github.com/apache/kylin,GHSA-3v67-545x-ffc3,b0a6fa377109fe6d2b0dd2601d7aa7073b534ed9,4e6a5acd799ae7543c7161e72ef1019c74d5b4ad
124,apache__axis-axis1-java_CVE-2023-51441_1.3.0,CVE-2023-51441,CWE-918,CWE-918: Server-Side Request Forgery (SSRF),apache,axis-axis1-java,1.3,https://github.com/apache/axis-axis1-java,GHSA-hr2c-p8rh-238h,e84c60c1f0764b01577d62c9e6453457d523ee77,685c309febc64aa393b2d64a05f90e7eb9f73e06
125,apache__kafka_CVE-2025-27818_3.9.0,CVE-2025-27818,CWE-502,Deserialization of Untrusted Data,apache,kafka,3.9.0,https://github.com/apache/kafka,GHSA-76qp-h5mr-frr4,84caaa6e9da06435411510a81fa321d4f99c351f,f745dfdcee2b9851204ddbbcd423626ab87294bc
126,crate__crate_5.5.1_CVE-2023-51982_5.5.1,CVE-2023-51982,CWE-287,Improper Authentication,crate,crate,5.5.1,https://github.com/crate/crate,GHSA-7mgx-gvjw-m3w3,74716bfa6440c2130cd19ed30219189565f897bd,b8b4cec49a1c7eb2b5af568400bd571d194dc03e
127,mapfish__mapfish-print_CVE-2020-15231_3.22.0,CVE-2020-15231,CWE-079,Improper Neutralization of Input During Web Page Generation ('Cross-site Scripting'),mapfish,mapfish-print,3.22.0,https://github.com/mapfish/mapfish-print,GHSA-w534-q4xf-h5v2,a1911179fd980b9bcd473f2433836a8d5b70e7f6,89155f2506b9cee822e15ce60ccae390a1419d5e
128,keycloak_CVE-2025-7784_26.2.5,CVE-2025-7784,CWE-269,CWE-269: Improper Privilege Management,keycloak,keycloak,26.2.5,https://github.com/keycloak/keycloak,GHSA-27gp-8389-hm4w,,
129,keycloak_CVE-2025-7365_26.0.12,CVE-2025-7365,CWE-346,CWE-346: Origin Validation Error,keycloak,keycloak,26.0.12,https://github.com/keycloak/keycloak,GHSA-xhpr-465j-7p9q,1183157d862f9ccc66e1d6b36018e1aea6d49046,86f0a7864f2bdd991d5e24e6844ddabfce0aa6de
130,opencast_CVE-2025-54380_17.5,CVE-2025-54380,CWE-200,CWE-200: Exposure of Sensitive Information to an Unauthorized Actor,opencast,opencast,17.5,https://github.com/opencast/opencast,GHSA-j63h-hmgw-x4j7,9bda49b6021f665c78a950c589b1a31198e2df49,2d3219113e2b9fadfb06443f5468b1c2157827a6
131,jena_CVE-2025-49656_jena-5.4.0,CVE-2025-49656,CWE-22,CWE-22: Improper Limitation of a Pathname to a Restricted Directory ('Path Traversal'),apache,jena,jena-5.4.0,https://github.com/apache/jena,GHSA-jq2c-m8gg-mqcm,35350569b4c1fd432d92e7c92af9597c4400debe,03c5265910aa3a27907bf54f6b4aaae3409afa4f
132,reactor-netty_CVE-2025-22227_v1.2.8,CVE-2025-22227,CWE-200,CWE-200: Exposure of Sensitive Information to an Unauthorized Actor,reactor,reactor-netty,v1.2.8,https://github.com/reactor/reactor-netty,GHSA-4q2v-9p7v-3v22,a60f640c99d13af4e685c368a810c47b7f9fc628,522892307ea89bf24fe634e8bfea35728c9bf411
133,DSpace_CVE-2025-53622_dspace-7.6.3,CVE-2025-53622,CWE-22,CWE-22: Improper Limitation of a Pathname to a Restricted Directory ('Path Traversal'),DSpace,DSpace,dspace-7.6.3,https://github.com/DSpace/DSpace,GHSA-vhvx-8xgc-99wf,4da8ed69f44786dc33a3dd9a62ee719a51a4830e,3163ff8b1ea0abe09683a1a94fb5f5bb039983b3
134,DSpace_CVE-2025-53621_dspace-7.6.3,CVE-2025-53621,CWE-611,CWE-611: Improper Restriction of XML External Entity Reference,DSpace,DSpace,dspace-7.6.3,https://github.com/DSpace/DSpace,GHSA-jjwr-5cfh-7xwh,24357bdd9cf3bd05e4336d0c2d8a0cc7a2932417,28b5f3810fa2b819516e706849a99a9bf5f3de87
135,cxf_CVE-2025-48795_cxf-3.5.10,CVE-2025-48795,CWE-400,CWE-400: Uncontrolled Resource Consumption,apache,cxf,cxf-3.5.10,https://github.com/apache/cxf,GHSA-36wv-v2qp-v4g4,51ad92012fbcfbdd77b722214631303850315799,1c1d687f8e295f433a3592a3bc0b0a63c432bfde
136,jackrabbit_CVE-2025-53689_jackrabbit-2.23.1-beta,CVE-2025-53689,CWE-611,CWE-611: Improper Restriction of XML External Entity Reference,apache,jackrabbit,jackrabbit-2.23.1-beta,https://github.com/apache/jackrabbit,GHSA-44c3-38h8-9fh9,8b60b53546ebca4aa5160c9b764412fd381d5635,02786c0a01838580252bdab79bfa54026c30294e
137,tomcat_CVE-2025-53506_11.0.8,CVE-2025-53506,CWE-400,CWE-400: Uncontrolled Resource Consumption,apache,tomcat,11.0.8,https://github.com/apache/tomcat,GHSA-25xr-qj8w-c4vf,016c7e0c41d2282a31db5b6bdb362394a1bb0c99,2aa6261276ebe50b99276953591e3a2be7898bdb
138,tomcat_CVE-2025-52520_11.0.8,CVE-2025-52520,CWE-190,CWE-190: Integer Overflow or Wraparound,apache,tomcat,11.0.8,https://github.com/apache/tomcat,GHSA-wr62-c79q-cv37,434772930f362145516dd60681134e7f0cf8115b,927d66fbc294cb65242102b817a45fd80834e040
139,junit-framework_CVE-2025-53103_r5.13.1,CVE-2025-53103,CWE-312,CWE-312: Cleartext Storage of Sensitive Information,junit-team,junit-framework,r5.13.1,https://github.com/junit-team/junit-framework,GHSA-m43g-m425-p68x,deb3e7c6487c370fc69703d19fbe559a9e4a97f7,d4fc834c8c1c0b3168cd030c13551d1d041f51bc
140,graylog2-server_CVE-2025-53106_6.2.3,CVE-2025-53106,CWE-285,CWE-285: Improper Authorization,Graylog2,graylog2-server,6.2.3,https://github.com/Graylog2/graylog2-server,GHSA-3m86-c9x3-vwm9,9c64a804c08200eee8ce2fdfd72bf541d4e1058c,6936bd16a783c2944a3d2f1e83902062520f90e3
141,conductor_CVE-2025-26074_v3.21.12,CVE-2025-26074,CWE-78,CWE-78: Improper Neutralization of Special Elements used in an OS Command ('OS Command Injection'),conductor-oss,conductor,v3.21.12,https://github.com/conductor-oss/conductor,GHSA-8gqp-hr9g-pg62,5976cad67bab4204e3ec4b2edd6f6831623c7c9a,e9816501df1e364a3d39d7fe37d6e167c40eaa1b
142,jans_CVE-2025-53003_v1.7.0,CVE-2025-53003,CWE-200,CWE-200: Exposure of Sensitive Information to an Unauthorized Actor,JanssenProject,jans,v1.7.0,https://github.com/JanssenProject/jans,GHSA-373j-mhpf-84wg,c8b743763d6177fead693f916d0c14b42612daa9,92eea4d4637f1cae16ad2f07b2c16378ff3fc5f1
143,incubator-seata_CVE-2025-32897_v2.2.0,CVE-2025-32897,CWE-502,CWE-502: Deserialization of Untrusted Data,apache,incubator-seata,v2.2.0,https://github.com/apache/incubator-seata,GHSA-m964-fjrh-xxq2,c95bd08bf1c139bbac323a0e2190cb6bbca2dba3,7eda23e948312ed52c3336de70a11f4d2ab06a48
144,allure2_CVE-2025-52888_2.34.0,CVE-2025-52888,CWE-611,CWE-611: Improper Restriction of XML External Entity Reference,allure-framework,allure2,2.34.0,https://github.com/allure-framework/allure2,GHSA-h7qf-qmf3-85qg,eaa87ff7d93e79074f7a1d785740bd3fed2f89fd,cbcb33719851ff70adce85d38e15d20fc58d4eb7
145,quarkus_CVE-2025-49574_3.23.4,CVE-2025-49574,CWE-668,CWE-668: Exposure of Resource to Wrong Sphere,quarkusio,quarkus,3.23.4,https://github.com/quarkusio/quarkus,GHSA-9623-mj7j-p9v4,fa4bc4dec34dffa7f02b75ad87b15a5d419f56df,2b58f59f4bf0bae7d35b1abb585b65f2a66787d1
146,studio_CVE-2025-6384_v4.2.2,CVE-2025-6384,CWE-913,CWE-913: Improper Control of Dynamically-Managed Code Resources,craftercms,studio,v4.2.2,https://github.com/craftercms/studio,GHSA-5644-3vgq-2ph5,fddd637144f3b11bd22aafda5f9a5880719af4fe,471bbad07cf1f3b420529a020c1409ad57d48a4e
147,powsybl-core_CVE-2025-48059_v6.2.4,CVE-2025-48059,CWE-1333,CWE-1333: Inefficient Regular Expression Complexity,powsybl,powsybl-core,v6.2.4,https://github.com/powsybl/powsybl-core,GHSA-8qjw-9xgm-c9ff,e6c7c4997ae8758b54a2f23ce1a499e25113acdc,d8398f689a5ccd505bd62eee2bd6670a29133110
148,powsybl-core_CVE-2025-48058_v6.7.1,CVE-2025-48058,CWE-1333,CWE-1333: Inefficient Regular Expression Complexity,powsybl,powsybl-core,v6.7.1,https://github.com/powsybl/powsybl-core,GHSA-rqpx-f6rc-7hm5,d6525f9e164338829058dfce187f0ff8af1f2790,72f79dec6d4292f892fbddd68a19c67935c7d81f
149,powsybl-core_CVE-2025-47771_v6.7.1,CVE-2025-47771,CWE-502,CWE-502: Deserialization of Untrusted Data,powsybl,powsybl-core,v6.7.1,https://github.com/powsybl/powsybl-core,GHSA-f5cx-h789-j959,d8398f689a5ccd505bd62eee2bd6670a29133110,8ed16ce41683c4aef5f6aa1dd5ae8642aa5ed2bd
150,powsybl-core_CVE-2025-47293_v6.7.1,CVE-2025-47293,CWE-611,CWE-611: Improper Restriction of XML External Entity Reference,powsybl,powsybl-core,v6.7.1,https://github.com/powsybl/powsybl-core,GHSA-qpj9-qcwx-8jv2,72f79dec6d4292f892fbddd68a19c67935c7d81f,e6c7c4997ae8758b54a2f23ce1a499e25113acdc
151,tomcat_CVE-2025-49125_11.0.7,CVE-2025-49125,CWE-288,CWE-288: Authentication Bypass Using an Alternate Path or Channel,apache,tomcat,11.0.7,https://github.com/apache/tomcat,GHSA-wc4r-xq3c-5cf3,e0e07812224d327a321babb554f5a5758d30cc49,7617b9c247bc77ed0444dd69adcd8aa48777886c
152,tomcat_CVE-2025-48988_11.0.7,CVE-2025-48988,CWE-770,CWE-770: Allocation of Resources Without Limits or Throttling,apache,tomcat,11.0.7,https://github.com/apache/tomcat,GHSA-h3gc-qfqq-6h8f,10c4c2c7bbbe2191b4eef3fad68d30cf89920201,2b0ab14fb55d4edc896e5f1817f2ab76f714ae5e
153,commons-fileupload_CVE-2025-48976_commons-fileupload-1.5-RC1,CVE-2025-48976,CWE-770,CWE-770: Allocation of Resources Without Limits or Throttling,apache,commons-fileupload,commons-fileupload-1.5-RC1,https://github.com/apache/commons-fileupload,GHSA-vv7r-c36w-3prj,24e6cadd3dabf63d9093b277284453c551a01dec,bf68f63cfb312ef4710fb3dfb4d8e4e1665f4497
154,solon_CVE-2025-46096_v3.1.2,CVE-2025-46096,CWE-22,CWE-22: Improper Limitation of a Pathname to a Restricted Directory ('Path Traversal'),opensolon,solon,v3.1.2,https://github.com/opensolon/solon,GHSA-m63q-4hr8-5r5h,4fdbc8f37e3e752d4b267b486116399597ea56b4,49a3bf95fdcf050829843004b65a2b336ca6ddff
155,spring-framework_CVE-2025-41234_v6.2.7,CVE-2025-41234,CWE-113,CWE-113: Improper Neutralization of CRLF Sequences in HTTP Headers ('HTTP Request/Response Splitting'),spring-projects,spring-framework,v6.2.7,https://github.com/spring-projects/spring-framework,GHSA-6r3c-xf4w-jxjm,e86dc9ad95204e71f93e1338cb7ccf379e3fbd70,f0e7b42704e6b33958f242d91bd690d6ef7ada9c
156,geoserver_CVE-2025-30145_2.26.2,CVE-2025-30145,CWE-835,CWE-835: Loop with Unreachable Exit Condition ('Infinite Loop'),geoserver,geoserver,2.26.2,https://github.com/geoserver/geoserver,GHSA-gr67-pwcv-76gf,,
157,geoserver_CVE-2025-27505_2.26.2,CVE-2025-27505,CWE-862,CWE-862: Missing Authorization,geoserver,geoserver,2.26.2,https://github.com/geoserver/geoserver,GHSA-h86g-x8mm-78m5,,
158,para_CVE-2025-49009_v1.50.7,CVE-2025-49009,CWE-532,CWE-532: Insertion of Sensitive Information into Log File,Erudika,para,v1.50.7,https://github.com/Erudika/para,GHSA-qx7g-fx8q-545g,d0ef6f9a749178049bb232de99a4c187c0dc4173,46a908d887da02037384193f70a69345f04887cf
159,inlong_CVE-2025-27531_2.0.0-RC0,CVE-2025-27531,CWE-502,CWE-502: Deserialization of Untrusted Data,apache,inlong,2.0.0-RC0,https://github.com/apache/inlong,GHSA-62gc-8jr5-x9pm,1183e43b442558139169ab981a7d35c60860d859,ebcd6d3230b73abdc41edb93619be2a26c9b8c97
160,akka-management_CVE-2025-46548_v1.6.0-M1,CVE-2025-46548,CWE-287,CWE-287: Improper Authentication,akka,akka-management,v1.6.0-M1,https://github.com/akka/akka-management,GHSA-9qvj-rpj8-v5c8,,
161,para_CVE-2025-48955_v1.50.7,CVE-2025-48955,CWE-532,CWE-532: Insertion of Sensitive Information into Log File,Erudika,para,v1.50.7,https://github.com/Erudika/para,GHSA-v75g-77vf-6jjq,a48d3dff85e6d36402c2f6eea14f371acfcdbbf7,1e8a89558542854bb0683ab234c4429ad93b0835
162,commons-beanutils_CVE-2025-48734_commons-beanutils-1.10.1-RC1,CVE-2025-48734,CWE-284,CWE-284: Improper Access Control,apache,commons-beanutils,commons-beanutils-1.10.1-RC1,https://github.com/apache/commons-beanutils,GHSA-wxr5-93ph-8wr9,4d8492104cdd00c0801af812d5cde643fcf7e1db,bd20740da25b69552ddef8523beec0837297eaf9
163,valtimo-backend-libraries_CVE-2025-48881_12.12.0.RELEASE,CVE-2025-48881,CWE-863,CWE-863: Incorrect Authorization,valtimo-platform,valtimo-backend-libraries,12.12.0.RELEASE,https://github.com/valtimo-platform/valtimo-backend-libraries,GHSA-965r-9cg9-g42p,33779f203273a6b02007217965d97d5036178d8e,6ab04b30d3dab816bfea32d40ba50e5dd4517272
164,inlong_CVE-2025-27526_2.1.0-RC0,CVE-2025-27526,CWE-502,CWE-502: Deserialization of Untrusted Data,apache,inlong,2.1.0-RC0,https://github.com/apache/inlong,GHSA-532x-j9r7-8f73,9d36b2338c1b7b3f151582eb447d9b6af2abbfe7,48c2f5cad4a92be2c3561174d70cdbc91a2d2626
165,inlong_CVE-2025-27528_2.1.0-RC0,CVE-2025-27528,CWE-502,CWE-502: Deserialization of Untrusted Data,apache,inlong,2.1.0-RC0,https://github.com/apache/inlong,GHSA-98v7-xxxv-hcrh,9d36b2338c1b7b3f151582eb447d9b6af2abbfe7,48c2f5cad4a92be2c3561174d70cdbc91a2d2626
166,inlong_CVE-2025-27522_2.1.0-RC0,CVE-2025-27522,CWE-502,CWE-502: Deserialization of Untrusted Data,apache,inlong,2.1.0-RC0,https://github.com/apache/inlong,GHSA-r324-vgr5-73c9,b37f944f2308c1c8c34bb4aa088d87153d7a4598,86c893cfd8f7ba9ffce5d20abef6cd360f502fdf
167,spring-framework_CVE-2025-22233_v6.2.6,CVE-2025-22233,CWE-20,CWE-20: Improper Input Validation,spring-projects,spring-framework,v6.2.6,https://github.com/spring-projects/spring-framework,GHSA-4wp7-92pw-q264,f93132b11ef6aa5718d20a05846828659c082fe8,edfcc6ffb188e4614ec9b212e3208b666981851c
168,cloudbees-jenkins-advisor-plugin_CVE-2025-47885_374.v194b_d4f0c8c8,CVE-2025-47885,CWE-79,CWE-79: Improper Neutralization of Input During Web Page Generation ('Cross-site Scripting'),jenkinsci,cloudbees-jenkins-advisor-plugin,374.v194b_d4f0c8c8,https://github.com/jenkinsci/cloudbees-jenkins-advisor-plugin,GHSA-xrpq-4g9w-qrwj,4a0914b416ad664bb3b9b07505d0d657b0d32d31,4b456b3110d1504d7dce8e7fca84c4e8793650e6
169,webdrivermanager_CVE-2025-4641_webdrivermanager-6.0.1,CVE-2025-4641,CWE-611,CWE-611: Improper Restriction of XML External Entity Reference,bonigarcia,webdrivermanager,webdrivermanager-6.0.1,https://github.com/bonigarcia/webdrivermanager,GHSA-pwm3-776c-8q7q,81f1c18de7dec8bacdfe011e8fb9d18492f59257,32b0b4d9c21adf474be9b63530b073b85ffbb65b
170,iotdb_CVE-2025-26795_v1.3.3,CVE-2025-26795,CWE-200,CWE-200: Exposure of Sensitive Information to an Unauthorized Actor,apache,iotdb,v1.3.3,https://github.com/apache/iotdb,GHSA-gp98-hfvm-2r4x,946fcbc2d3b3a773e23fff3ccc9b4d5e3247f9f2,34fcaff6b72470d5ad369307dde7fae8897aea7e
171,iotdb_CVE-2025-26864_v1.3.3,CVE-2025-26864,CWE-200,CWE-200: Exposure of Sensitive Information to an Unauthorized Actor,apache,iotdb,v1.3.3,https://github.com/apache/iotdb,GHSA-5fc3-pqf2-57cx,946fcbc2d3b3a773e23fff3ccc9b4d5e3247f9f2,34fcaff6b72470d5ad369307dde7fae8897aea7e
172,jetty.project_CVE-2025-1948_jetty-12.0.16,CVE-2025-1948,CWE-400,CWE-400: Uncontrolled Resource Consumption,jetty,jetty.project,jetty-12.0.16,https://github.com/jetty/jetty.project,GHSA-889j-63jv-qhr8,8414f79a9c476ecb78998c8ce88f0c5ae548f7e6,c8c2515936ef968dc8a3cecd9e79d1e69291e4bb
173,console_CVE-2025-2901_v3.7.10,CVE-2025-2901,CWE-79,CWE-79: Improper Neutralization of Input During Web Page Generation ('Cross-site Scripting'),hal,console,v3.7.10,https://github.com/hal/console,GHSA-f7jh-m6wp-jm7f,d9112153b83df2977df41795b0676267fa37a1f0,216de3b8aa82ea92df10cc296d88c68467cf2c52
174,keycloak_CVE-2025-3910_26.2.1,CVE-2025-3910,CWE-287,CWE-287: Improper Authentication,keycloak,keycloak,26.2.1,https://github.com/keycloak/keycloak,GHSA-5jfq-x6xp-7rw2,0ff4cce3180d6441b5dfaa269a33cb3cab15dd5e,e66e2292b9068d712f316044f62f51690e77c7c6
175,keycloak_CVE-2025-3501_26.2.1,CVE-2025-3501,CWE-297,CWE-297: Improper Validation of Certificate with Host Mismatch,keycloak,keycloak,26.2.1,https://github.com/keycloak/keycloak,GHSA-hw58-3793-42gg,a78c951a5aeb820d01d2987397e24b3362c455f0,99ca24c832729075e04d8bc58666089268314272
176,syntax-markdown_CVE-2025-46558_syntax-markdown-8.8,CVE-2025-46558,CWE-79,CWE-79: Improper Neutralization of Input During Web Page Generation ('Cross-site Scripting'),xwiki-contrib,syntax-markdown,syntax-markdown-8.8,https://github.com/xwiki-contrib/syntax-markdown,GHSA-8g2j-rhfh-hq3r,6b32e97760b9f8b9c9e751e0ccfb989f57ffc07b,d136472d6e8a47981a0ede420a9096f88ffa5035
177,jpawebapi_CVE-2025-32961_v1.1.0,CVE-2025-32961,CWE-79,CWE-79: Improper Neutralization of Input During Web Page Generation ('Cross-site Scripting'),cuba-platform,jpawebapi,v1.1.0,https://github.com/cuba-platform/jpawebapi,GHSA-hg25-w3vg-7279,14fa1acacc2401f75a639fe33e71961460b97505,78b837d7e2b12d0df69cef1bc6042ebf3bdaf22c
178,restapi_CVE-2025-32960_v7.2.6,CVE-2025-32960,CWE-79,CWE-79: Improper Neutralization of Input During Web Page Generation ('Cross-site Scripting'),cuba-platform,restapi,v7.2.6,https://github.com/cuba-platform/restapi,GHSA-88h5-34xw-2q56,f0f76a8fa8f087e98ac715430a7f142965c9282a,b3d599f6657d7e212fdb134a61ab5e0888669eb1
179,cuba_CVE-2025-32959_7.2.22,CVE-2025-32959,CWE-770,CWE-770: Allocation of Resources Without Limits or Throttling,cuba-platform,cuba,7.2.22,https://github.com/cuba-platform/cuba,GHSA-w3mp-6vrj-875g,9ab5f77c5886712d3c29aeacaf9309f9dc543f65,42b6c00fd0572b8e52ae31afd1babc827a3161a1
180,templating-engine-plugin_CVE-2025-31722_2.5.3,CVE-2025-31722,CWE-94,CWE-94: Improper Control of Generation of Code ('Code Injection'),jenkinsci,templating-engine-plugin,2.5.3,https://github.com/jenkinsci/templating-engine-plugin,GHSA-4vjp-327p-w4qv,0af836f6465f80a078a02c6f2ed2e93dd5056213,bb2b4468b3bf4cea494afb8549af4e6450972653
181,jenkins_CVE-2025-31721_prototype-1.7,CVE-2025-31721,CWE-862,CWE-862: Missing Authorization,jenkinsci,jenkins,prototype-1.7,https://github.com/jenkinsci/jenkins,GHSA-wr6w-jxg7-qpfh,bf32018bf075c06e5df649583557c82d42d8bb5c,b3651b475302e8dba20fc63c1ff89d144ec652f0
182,jenkins_CVE-2025-31720_prototype-1.7,CVE-2025-31720,CWE-862,CWE-862: Missing Authorization,jenkinsci,jenkins,prototype-1.7,https://github.com/jenkinsci/jenkins,GHSA-565r-pf5q-45v6,dddb4598df25527220a1e0f46d1a0d25217dd4c8,bf32018bf075c06e5df649583557c82d42d8bb5c
183,simple-queue-plugin_CVE-2025-31723_simple-queue-1.4.6,CVE-2025-31723,CWE-352,CWE-352: Cross-Site Request Forgery (CSRF),jenkinsci,simple-queue-plugin,simple-queue-1.4.6,https://github.com/jenkinsci/simple-queue-plugin,GHSA-hcfh-qjcp-34q9,c5bc23d6ddd16b0a9792dd05e843a14033e975f1,c1094666dcd139830620d6d1c21b13f847601e74
184,camel_CVE-2025-30177_camel-4.10.2,CVE-2025-30177,CWE-164,CWE-164: Improper Neutralization of Internal Special Elements,apache,camel,camel-4.10.2,https://github.com/apache/camel,GHSA-vq4p-pchp-6g6v,4ccb68b166c0d1210966f17d18b848cdd8b64fed,9fd8fc30dbd98511a1faa0cbcf39ef5aeec88a64
185,activemq-artemis_CVE-2025-27427_2.39.0,CVE-2025-27427,CWE-863,CWE-863: Incorrect Authorization,apache,activemq-artemis,2.39.0,https://github.com/apache/activemq-artemis,GHSA-3w85-5p9g-h334,c5bfb32ed2b71c0510d9df373c8e6a7f75ea89f4,2216a75a57f098295abb283d556c8b8bda91324d
186,netty-incubator-codec-quic_CVE-2025-29908_netty-incubator-codec-parent-quic-0.0.70.Final,CVE-2025-29908,CWE-407,CWE-407: Inefficient Algorithmic Complexity,netty,netty-incubator-codec-quic,netty-incubator-codec-parent-quic-0.0.70.Final,https://github.com/netty/netty-incubator-codec-quic,GHSA-hqqc-jr88-p6x2,dca355aa8a1f63dfaf6aa2fe88734e4bd5314c14,e059bd9b78723f8b035e0c547e42ce263f03461c
187,kylin_CVE-2025-30067_kylin-5.0.1,CVE-2025-30067,CWE-94,CWE-94: Improper Control of Generation of Code ('Code Injection'),apache,kylin,kylin-5.0.1,https://github.com/apache/kylin,GHSA-29m8-wh9p-5wc4,bd86f44d597640d64e4a5789a54c1a3f2aa7786d,21d98f3ef29f71b50dacabbf039905f9f0f71b95
188,spring-security_CVE-2025-22223_6.4.3,CVE-2025-22223,CWE-290,CWE-290: Authentication Bypass by Spoofing,spring-projects,spring-security,6.4.3,https://github.com/spring-projects/spring-security,GHSA-hh3m-g4qj-4835,4993fa863a02008b606044cb897db6b54ec116f0,dc2e1af2dab8ef81cd4edd25b56a2babeaab8cf9
189,druid_CVE-2025-27888_druid-31.0.1-rc2,CVE-2025-27888,CWE-79,CWE-79: Improper Neutralization of Input During Web Page Generation ('Cross-site Scripting'),apache,druid,druid-31.0.1-rc2,https://github.com/apache/druid,GHSA-2xcr-p767-f3rv,,
190,spring-security_CVE-2025-22228_6.3.7,CVE-2025-22228,CWE-287,CWE-287: Improper Authentication,spring-projects,spring-security,6.3.7,https://github.com/spring-projects/spring-security,GHSA-mg83-c7gq-rv5c,36ea1b11a7dae7904e3c70b5e10fb01152fec5d4,46f0dc6dfc8402cd556c598fdf2d31f9d46cdbf3
191,zohoqengine-plugin_CVE-2025-30197_1.0.29.vfa_cc23396502,CVE-2025-30197,CWE-522,CWE-522: Insufficiently Protected Credentials,jenkinsci,zohoqengine-plugin,1.0.29.vfa_cc23396502,https://github.com/jenkinsci/zohoqengine-plugin,GHSA-2x3g-rr4w-4qrp,facc233965029a025b136efe0aa43b68cf522298,4ab1db6d6af21f43dd15cc328599445519875fa8
192,snowflake-jdbc_CVE-2025-27496_v3.23.0,CVE-2025-27496,CWE-532,CWE-532: Insertion of Sensitive Information into Log File,snowflakedb,snowflake-jdbc,v3.23.0,https://github.com/snowflakedb/snowflake-jdbc,GHSA-q298-375f-5q63,f8ab78a9567fcc3d3b245ba5a993110df9e3c6d8,ef81582ce2f1dbc3c8794a696c94f4fe65fad507
193,smallrye-fault-tolerance_CVE-2025-2240_6.4.1,CVE-2025-2240,CWE-1325,CWE-1325: Improperly Controlled Sequential Memory Allocation,smallrye,smallrye-fault-tolerance,6.4.1,https://github.com/smallrye/smallrye-fault-tolerance,GHSA-gfh6-3pqw-x2j4,8da7dae36f195608291687793ca9f12fd9567d93,e8bcad3d5e8bbac0a3219bd5c13661adf6ed6bbb
194,keycloak_CVE-2025-1391_26.1.2,CVE-2025-1391,CWE-284,CWE-284: Improper Access Control,keycloak,keycloak,26.1.2,https://github.com/keycloak/keycloak,GHSA-gvgg-2r3r-53x7,4b628610c42b7754d0b3f4a0283202a5dcaa9697,5aa2b4c75bb474303ab807017582bc01a9f7e378
195,keycloak_CVE-2025-0604_26.1.2,CVE-2025-0604,CWE-287,CWE-287: Improper Authentication,keycloak,keycloak,26.1.2,https://github.com/keycloak/keycloak,GHSA-2p82-5wwr-43cw,b70303f2932dabd5f462128b1dc8a3d2640799a2,d3c50822441845cb7aeeef8cc444f09686fc6d35
196,tomcat_CVE-2025-24813_11.0.2,CVE-2025-24813,CWE-44,CWE-44: Path Equivalence: 'file.name' (Internal Dot),apache,tomcat,11.0.2,https://github.com/apache/tomcat,GHSA-83qj-6fr2-vhqg,7d50e72fa00ad6eeab6e64ec9d34b7cc606e5a96,0a668e0c27f2b7ca0cc7c6eea32253b9b5ecb29c
197,local-s3_CVE-2025-27136_1.20,CVE-2025-27136,CWE-611,CWE-611: Improper Restriction of XML External Entity Reference,Robothy,local-s3,1.2,https://github.com/Robothy/local-s3,GHSA-g6wm-2v64-wq36,009901882be8b543e85b67c5ec2e9f30d83d62ef,d6ed756ceb30c1eb9d4263321ac683d734f8836f
198,emissary_CVE-2025-27508_8.23.0,CVE-2025-27508,CWE-327,CWE-327: Use of a Broken or Risky Cryptographic Algorithm,NationalSecurityAgency,emissary,8.23.0,https://github.com/NationalSecurityAgency/emissary,GHSA-hw43-fcmm-3m5g,ff9fed1d5910ca1879a290b78045ec991a93cb2e,da3a81a8977577597ff2a944820a5ae4e9762368
199,OpenDJ_CVE-2025-27497_4.9.2,CVE-2025-27497,CWE-835,CWE-835: Loop with Unreachable Exit Condition ('Infinite Loop'),OpenIdentityPlatform,OpenDJ,4.9.2,https://github.com/OpenIdentityPlatform/OpenDJ,GHSA-93qr-h8pr-4593,688a9ffc80d3c6c21c9cf1b89b1a6d8ed7d0cc1d,08aee4724608e4a32baa3c7d7499ec913a275aaf
200,solon_CVE-2025-1584_v3.0.8,CVE-2025-1584,CWE-23,CWE-23: Relative Path Traversal,opensolon,solon,v3.0.8,https://github.com/opensolon/solon,GHSA-x8q6-cchr-p7m6,87474726f1e496b381ce9d5ebbadabd0e04c2d75,f46e47fd1f8455b9467d7ead3cdb0509115b2ef1
201,cassandra-lucene-index_CVE-2025-26511_cassandra-4.0.16-1.0.0,CVE-2025-26511,CWE-288,CWE-288: Authentication Bypass Using an Alternate Path or Channel,instaclustr,cassandra-lucene-index,cassandra-4.0.16-1.0.0,https://github.com/instaclustr/cassandra-lucene-index,GHSA-mrqp-q7vx-v2cx,75b83c55705e38a4e93fbeb3d841779810074924,94380b165bd3e597d3e22e47f8cc674ec7c7bf7f
202,netty_CVE-2025-25193_netty-4.1.117.Final,CVE-2025-25193,CWE-400,CWE-400: Uncontrolled Resource Consumption,netty,netty,netty-4.1.117.Final,https://github.com/netty/netty,GHSA-389x-839f-4rhx,f844d78e4e23182610a24576d225de933f90f92e,d1fbda62d3a47835d3fb35db8bd42ecc205a5386
203,netty_CVE-2025-24970_netty-4.1.117.Final,CVE-2025-24970,CWE-20,CWE-20: Improper Input Validation,netty,netty,netty-4.1.117.Final,https://github.com/netty/netty,GHSA-4g8c-wm8x-jfhw,d1fbda62d3a47835d3fb35db8bd42ecc205a5386,87f40725155b2f89adfde68c7732f97c153676c4
204,felix-dev_CVE-2025-25247_org.osgi.compendium-1.4.0,CVE-2025-25247,CWE-79,CWE-79: Improper Neutralization of Input During Web Page Generation ('Cross-site Scripting'),apache,felix-dev,org.osgi.compendium-1.4.0,https://github.com/apache/felix-dev,GHSA-4c37-7m5h-c8m9,c9df37190eddd3a8af4262956436880a3acb8c90,87513ea3533fdb79d9e2b251410bf2bfbd63941e
205,cassandra_CVE-2025-23015_cassandra-5.0-alpha2,CVE-2025-23015,CWE-267,CWE-267: Privilege Defined With Unsafe Actions,apache,cassandra,cassandra-5.0-alpha2,https://github.com/apache/cassandra,GHSA-wmcc-9vch-jmx4,3ddccf45213f69ac282690186484ae7b9c0151ba,6207a305ba2b0cebc3241e00a843ab5dbf86d2ed
206,s3proxy_CVE-2025-24961_s3proxy-2.5.0,CVE-2025-24961,CWE-22,CWE-22: Improper Limitation of a Pathname to a Restricted Directory ('Path Traversal'),gaul,s3proxy,s3proxy-2.5.0,https://github.com/gaul/s3proxy,GHSA-2ccp-vqmv-4r4x,,b0819e0ef5e08c792a4d1724b938714ce9503aa3
207,wildfly-core_CVE-2025-23367_27.0.0.Beta7,CVE-2025-23367,CWE-284,CWE-284: Improper Access Control,wildfly,wildfly-core,27.0.0.Beta7,https://github.com/wildfly/wildfly-core,GHSA-qr6x-62gq-4ccp,,
208,djl_CVE-2025-0851_v0.30.0,CVE-2025-0851,CWE-22,CWE-22: Improper Limitation of a Pathname to a Restricted Directory ('Path Traversal'),deepjavalibrary,djl,v0.30.0,https://github.com/deepjavalibrary/djl,GHSA-jcrp-x7w3-ffmg,503289a69c581e2373e12cff78ea2adc03a8d86f,7415cc5f72aae69ea9716a5e4f709af03a77a619
209,snowflake-jdbc_CVE-2025-24790_v3.21.1,CVE-2025-24790,CWE-276,CWE-276: Incorrect Default Permissions,snowflakedb,snowflake-jdbc,v3.21.1,https://github.com/snowflakedb/snowflake-jdbc,GHSA-33g6-495w-v8j2,3236d9840c61cdffa7093c631539523b9d1d6836,9e1a5acf12406b16c4780ca013f4c4db48b74b59
210,snowflake-jdbc_CVE-2025-24789_v3.21.1,CVE-2025-24789,CWE-426,CWE-426: Untrusted Search Path,snowflakedb,snowflake-jdbc,v3.21.1,https://github.com/snowflakedb/snowflake-jdbc,GHSA-7hpq-3g6w-pvhf,9e1a5acf12406b16c4780ca013f4c4db48b74b59,4f01bb8f9b708c71e7a2111c87371dbfc1d53dd6
211,oic-auth-plugin_CVE-2025-24399_4.452.v2849b_d3945fa_,CVE-2025-24399,CWE-178,CWE-178: Improper Handling of Case Sensitivity,jenkinsci,oic-auth-plugin,4.452.v2849b_d3945fa_,https://github.com/jenkinsci/oic-auth-plugin,GHSA-q9cm-88jx-3vfw,2849bd3945fa4c66fbc89da161d481565f85cdec,4d7765c854f4f5e6e3c26ed950a26042a7527875
212,cxf_CVE-2025-23184_cxf-3.5.9,CVE-2025-23184,CWE-400,CWE-400: Uncontrolled Resource Consumption,apache,cxf,cxf-3.5.9,https://github.com/apache/cxf,GHSA-fh5r-crhr-qrrq,,
213,jte_CVE-2025-23026_3.1.15,CVE-2025-23026,CWE-79,CWE-79: Improper Neutralization of Input During Web Page Generation ('Cross-site Scripting'),casid,jte,3.1.15,https://github.com/casid/jte,GHSA-vh22-6c6h-rm8q,0c7d4ad7a135d169b2db85062d827279e6d86aaf,a6fb00d53c7b8dbb86de933215dbe1b9191a57f1
214,match_java_1_CVE-2021-21972_1.0.0,CVE-2021-21972,CWE-22,CWE-22: Improper Limitation of a Pathname to a Restricted Directory ('Path Traversal'),,,,,,,030e9d00125cbd1ad759668f85488aba1019c668;a221a864db28eb736d36041df2fa6eb8839fc5cd;ce9e11517eca69e58ed4378d1e47a02bd06863cc
215,match_java_4_CVE-2022-42889_1.0.0,CVE-2022-42889,CWE-78,CWE-78: Improper Neutralization of Special Elements used in an OS Command ('Command Injection'),,,,,,,030e9d00125cbd1ad759668f85488aba1019c668;a221a864db28eb736d36041df2fa6eb8839fc5cd;ce9e11517eca69e58ed4378d1e47a02bd06863cc
216,match_java_4_CVE-2022-42889_1.0.0,CVE-2022-42889,CWE-94,CWE-94: Improper Control of Generation of Code ('Code Injection'),,,,,,,030e9d00125cbd1ad759668f85488aba1019c668;a221a864db28eb736d36041df2fa6eb8839fc5cd;ce9e11517eca69e58ed4378d1e47a02bd06863cc
217,match_java_3_CVE-2021-44228_1.0.0,CVE-2021-44228,CWE-502,CWE-502: Deserialization of Untrusted Data,,,,,,,030e9d00125cbd1ad759668f85488aba1019c668;a221a864db28eb736d36041df2fa6eb8839fc5cd;ce9e11517eca69e58ed4378d1e47a02bd06863cc
218,match_python_1_CVE-2022-22817_1.0.0,CVE-2022-22817,CWE-94,CWE-94: Improper Control of Generation of Code ('Code Injection'),,,,,,,030e9d00125cbd1ad759668f85488aba1019c668;a221a864db28eb736d36041df2fa6eb8839fc5cd;ce9e11517eca69e58ed4378d1e47a02bd06863cc
219,match_python_2_CVE-2024-7099_1.0.0,CVE-2024-7099,CWE-89,CWE-89: Improper Neutralization of Special Elements used in an SQL Command ('SQL Injection'),,,,,,,030e9d00125cbd1ad759668f85488aba1019c668;a221a864db28eb736d36041df2fa6eb8839fc5cd;ce9e11517eca69e58ed4378d1e47a02bd06863cc
220,match_java_5_CVE-2023-51444_1.0.0,CVE-2023-51444,CWE-22,CWE-22: Improper Limitation of a Pathname to a Restricted Directory ('Path Traversal'),,,,,,,030e9d00125cbd1ad759668f85488aba1019c668;a221a864db28eb736d36041df2fa6eb8839fc5cd;ce9e11517eca69e58ed4378d1e47a02bd06863cc
221,match_java_6_CVE-2025-27101_1.0.0,CVE-2025-27101,CWE-22,CWE-22: Improper Limitation of a Pathname to a Restricted Directory ('Path Traversal'),,,,,,,030e9d00125cbd1ad759668f85488aba1019c668;a221a864db28eb736d36041df2fa6eb8839fc5cd;ce9e11517eca69e58ed4378d1e47a02bd06863cc
222,match_java_7_CVE-2025-48885_1.0.0,CVE-2025-48885,CWE-22,CWE-22: Improper Limitation of a Pathname to a Restricted Directory ('Path Traversal'),,,,,,,030e9d00125cbd1ad759668f85488aba1019c668;a221a864db28eb736d36041df2fa6eb8839fc5cd;ce9e11517eca69e58ed4378d1e47a02bd06863cc
223,match_java_2_CVE-2021-21985_1.0.0,CVE-2021-21985,CWE-918,CWE-918: Server-Side Request Forgery (SSRF),,,,,,,030e9d00125cbd1ad759668f85488aba1019c668;a221a864db28eb736d36041df2fa6eb8839fc5cd;ce9e11517eca69e58ed4378d1e47a02bd06863cc
224,match_python_3_CVE-2024-8412_1.0.0,CVE-2024-8412,CWE-22,CWE-22: Improper Limitation of a Pathname to a Restricted Directory ('Path Traversal'),,,,,,,030e9d00125cbd1ad759668f85488aba1019c668;a221a864db28eb736d36041df2fa6eb8839fc5cd;ce9e11517eca69e58ed4378d1e47a02bd06863cc
225,match_python_4_CVE-2024-10940_1.0.0,CVE-2024-10940,CWE-22,CWE-22: Improper Limitation of a Pathname to a Restricted Directory ('Path Traversal'),,,,,,,030e9d00125cbd1ad759668f85488aba1019c668;a221a864db28eb736d36041df2fa6eb8839fc5cd;ce9e11517eca69e58ed4378d1e47a02bd06863cc
226,match_python_5_CVE-2025-46725_1.0.0,CVE-2025-46725,CWE-78,CWE-78: Improper Neutralization of Special Elements used in an OS Command ('Command Injection'),,,,,,,030e9d00125cbd1ad759668f85488aba1019c668;a221a864db28eb736d36041df2fa6eb8839fc5cd;ce9e11517eca69e58ed4378d1e47a02bd06863cc
227,match_python_6_CVE-2025-47789_1.0.0,CVE-2025-47789,CWE-78,CWE-78: Improper Neutralization of Special Elements used in an OS Command ('Command Injection'),,,,,,,030e9d00125cbd1ad759668f85488aba1019c668;a221a864db28eb736d36041df2fa6eb8839fc5cd;ce9e11517eca69e58ed4378d1e47a02bd06863cc
228,match_python_7_CVE-2025-54318_1.0.0,CVE-2025-54318,CWE-918,CWE-918: Server-Side Request Forgery (SSRF),,,,,,,030e9d00125cbd1ad759668f85488aba1019c668;a221a864db28eb736d36041df2fa6eb8839fc5cd;ce9e11517eca69e58ed4378d1e47a02bd06863cc
229,match_python_8_CVE-2025-54892_1.0.0,CVE-2025-54892,CWE-22,CWE-22: Improper Limitation of a Pathname to a Restricted Directory ('Path Traversal'),,,,,,,030e9d00125cbd1ad759668f85488aba1019c668;a221a864db28eb736d36041df2fa6eb8839fc5cd;ce9e11517eca69e58ed4378d1e47a02bd06863cc
230,final_java_0_CVE-2021-21983_1.0.0,CVE-2021-21983,CWE-22,CWE-22: Improper Limitation of a Pathname to a Restricted Directory ('Path Traversal'),,,,,,,030e9d00125cbd1ad759668f85488aba1019c668;a221a864db28eb736d36041df2fa6eb8839fc5cd;ce9e11517eca69e58ed4378d1e47a02bd06863cc
231,paper_c_1_CVE-XXXX-XXXX_tplink_wr941ndv2_v3,CVE-XXXX-XXXX,CWE-22,CWE-22: Improper Limitation of a Pathname to a Restricted Directory ('Path Traversal'),,,,,,,030e9d00125cbd1ad759668f85488aba1019c668;a221a864db28eb736d36041df2fa6eb8839fc5cd;ce9e11517eca69e58ed4378d1e47a02bd06863cc
232,paper_c_3_CVE-XXXX-XXXX_netgear_R9000-V1.0.4.26,CVE-XXXX-XXXX,CWE-22,CWE-22: Improper Limitation of a Pathname to a Restricted Directory ('Path Traversal'),,,,,,,030e9d00125cbd1ad759668f85488aba1019c668;a221a864db28eb736d36041df2fa6eb8839fc5cd;ce9e11517eca69e58ed4378d1e47a02bd06863cc
233,paper_c_4_CVE-XXXX-XXXX_dir605d.v401b02,CVE-XXXX-XXXX,CWE-22,CWE-22: Improper Limitation of a Pathname to a Restricted Directory ('Path Traversal'),,,,,,,030e9d00125cbd1ad759668f85488aba1019c668;a221a864db28eb736d36041df2fa6eb8839fc5cd;ce9e11517eca69e58ed4378d1e47a02bd06863cc
234,paper_c_5_CVE-XXXX-XXXX_BR-6208AC_V2_1.02,CVE-XXXX-XXXX,CWE-22,CWE-22: Improper Limitation of a Pathname to a Restricted Directory ('Path Traversal'),,,,,,,030e9d00125cbd1ad759668f85488aba1019c668;a221a864db28eb736d36041df2fa6eb8839fc5cd;ce9e11517eca69e58ed4378d1e47a02bd06863cc
235,paper_c_6_CVE-XXXX-XXXX_trendnet_boa,CVE-XXXX-XXXX,CWE-22,CWE-22: Improper Limitation of a Pathname to a Restricted Directory ('Path Traversal'),,,,,,,030e9d00125cbd1ad759668f85488aba1019c668;a221a864db28eb736d36041df2fa6eb8839fc5cd;ce9e11517eca69e58ed4378d1e47a02bd06863cc
236,paper_c_7_CVE-XXXX-XXXX_dir822_A,CVE-XXXX-XXXX,CWE-22,CWE-22: Improper Limitation of a Pathname to a Restricted Directory ('Path Traversal'),,,,,,,030e9d00125cbd1ad759668f85488aba1019c668;a221a864db28eb736d36041df2fa6eb8839fc5cd;ce9e11517eca69e58ed4378d1e47a02bd06863cc
237,paper_c_7_CVE-XXXX-XXXX_dir822_A,CVE-XXXX-XXXX,CWE-22,CWE-22: Improper Limitation of a Pathname to a Restricted Directory ('Path Traversal'),,,,,,,030e9d00125cbd1ad759668f85488aba1019c668;a221a864db28eb736d36041df2fa6eb8839fc5cd;ce9e11517eca69e58ed4378d1e47a02bd06863cc
238,paper_c_8_CVE-XXXX-XXXX_BR-6208AC_V2_1.02,CVE-XXXX-XXXX,CWE-22,CWE-22: Improper Limitation of a Pathname to a Restricted Directory ('Path Traversal'),,,,,,,030e9d00125cbd1ad759668f85488aba1019c668;a221a864db28eb736d36041df2fa6eb8839fc5cd;ce9e11517eca69e58ed4378d1e47a02bd06863cc
239,paper_c_8_CVE-XXXX-XXXX_BR-6208AC_V2_1.02,CVE-XXXX-XXXX,CWE-22,CWE-22: Improper Limitation of a Pathname to a Restricted Directory ('Path Traversal'),,,,,,,030e9d00125cbd1ad759668f85488aba1019c668;a221a864db28eb736d36041df2fa6eb8839fc5cd;ce9e11517eca69e58ed4378d1e47a02bd06863cc
240,paper_c_9_CVE-XXXX-XXXX_811dru,CVE-XXXX-XXXX,CWE-22,CWE-22: Improper Limitation of a Pathname to a Restricted Directory ('Path Traversal'),,,,,,,030e9d00125cbd1ad759668f85488aba1019c668;a221a864db28eb736d36041df2fa6eb8839fc5cd;ce9e11517eca69e58ed4378d1e47a02bd06863cc
241,paper_c_9_CVE-XXXX-XXXX_811dru,CVE-XXXX-XXXX,CWE-22,CWE-22: Improper Limitation of a Pathname to a Restricted Directory ('Path Traversal'),,,,,,,030e9d00125cbd1ad759668f85488aba1019c668;a221a864db28eb736d36041df2fa6eb8839fc5cd;ce9e11517eca69e58ed4378d1e47a02bd06863cc
242,paper_c_9_CVE-XXXX-XXXX_811dru,CVE-XXXX-XXXX,CWE-22,CWE-22: Improper Limitation of a Pathname to a Restricted Directory ('Path Traversal'),,,,,,,030e9d00125cbd1ad759668f85488aba1019c668;a221a864db28eb736d36041df2fa6eb8839fc5cd;ce9e11517eca69e58ed4378d1e47a02bd06863cc
243,paper_c_10_CVE-XXXX-XXXX_br6208ac,CVE-XXXX-XXXX,CWE-22,CWE-22: Improper Limitation of a Pathname to a Restricted Directory ('Path Traversal'),,,,,,,030e9d00125cbd1ad759668f85488aba1019c668;a221a864db28eb736d36041df2fa6eb8839fc5cd;ce9e11517eca69e58ed4378d1e47a02bd06863cc
244,paper_c_10_CVE-XXXX-XXXX_br6208ac,CVE-XXXX-XXXX,CWE-22,CWE-22: Improper Limitation of a Pathname to a Restricted Directory ('Path Traversal'),,,,,,,030e9d00125cbd1ad759668f85488aba1019c668;a221a864db28eb736d36041df2fa6eb8839fc5cd;ce9e11517eca69e58ed4378d1e47a02bd06863cc
245,paper_c_10_CVE-XXXX-XXXX_br6208ac,CVE-XXXX-XXXX,CWE-22,CWE-22: Improper Limitation of a Pathname to a Restricted Directory ('Path Traversal'),,,,,,,030e9d00125cbd1ad759668f85488aba1019c668;a221a864db28eb736d36041df2fa6eb8839fc5cd;ce9e11517eca69e58ed4378d1e47a02bd06863cc
246,paper_c_11_CVE-XXXX-XXXX_ac68u,CVE-XXXX-XXXX,CWE-22,CWE-22: Improper Limitation of a Pathname to a Restricted Directory ('Path Traversal'),,,,,,,030e9d00125cbd1ad759668f85488aba1019c668;a221a864db28eb736d36041df2fa6eb8839fc5cd;ce9e11517eca69e58ed4378d1e47a02bd06863cc